12371127,JE236976,2021-05-20 11:24:00.000000 UTC,018XX W 69TH ST,502P,OTHER OFFENSE,FALSE / STOLEN / ALTERED TRP,STREET,true,false,726,7,17,67,26,1165457.0,1858929.0,2021,2021-05-27 04:57:05.000000 UTC,41.768491995,-87.669076134,"(41.768491995, -87.669076134)"
12412185,JE287716,2021-07-02 07:30:00.000000 UTC,029XX W ROOSEVELT RD,502P,OTHER OFFENSE,FALSE / STOLEN / ALTERED TRP,STREET,true,false,1022,10,24,29,26,1156970.0,1894571.0,2021,2021-07-09 04:58:53.000000 UTC,41.866473847,-87.699221249,"(41.866473847, -87.699221249)"
12320711,JE175686,2021-03-21 09:07:00.000000 UTC,007XX N CENTRAL PARK AVE,502P,OTHER OFFENSE,FALSE / STOLEN / ALTERED TRP,STREET,true,false,1121,11,27,23,26,1152252.0,1904633.0,2021,2021-03-28 04:57:44.000000 UTC,41.894179371,-87.716276015,"(41.894179371, -87.716276015)"
12316587,JE170546,2021-03-16 01:05:00.000000 UTC,024XX W NORTH AVE,502P,OTHER OFFENSE,FALSE / STOLEN / ALTERED TRP,STREET,true,false,1423,14,1,24,26,1159655.0,1910562.0,2021,2021-03-23 05:03:34.000000 UTC,41.910299712,-87.688923466,"(41.910299712, -87.688923466)"
12329922,JE186720,2021-04-01 09:09:00.000000 UTC,012XX S CHRISTIANA AVE,502P,OTHER OFFENSE,FALSE / STOLEN / ALTERED TRP,STREET,true,false,1021,10,24,29,26,1154223.0,1894344.0,2021,2021-04-08 05:05:01.000000 UTC,41.865906172,-87.709311868,"(41.865906172, -87.709311868)"
12298066,JE148236,2021-02-21 07:59:00.000000 UTC,024XX N MILWAUKEE AVE,502P,OTHER OFFENSE,FALSE / STOLEN / ALTERED TRP,STREET,true,false,1414,14,32,22,26,1155713.0,1916444.0,2021,2021-03-11 03:45:08.000000 UTC,41.926520754,-87.703246129,"(41.926520754, -87.703246129)"
12466886,JE354517,2021-08-29 05:00:00.000000 UTC,051XX N SHERIDAN RD,502P,OTHER OFFENSE,FALSE / STOLEN / ALTERED TRP,STREET,true,false,2024,20,48,3,26,1168703.0,1934476.0,2021,2021-09-05 04:46:49.000000 UTC,41.975729415,-87.654989539,"(41.975729415, -87.654989539)"
12535663,JE438696,2021-11-08 07:59:00.000000 UTC,011XX W 79TH ST,502P,OTHER OFFENSE,FALSE / STOLEN / ALTERED TRP,STREET,true,false,612,6,17,71,26,1170212.0,1852419.0,2021,2021-11-15 03:49:31.000000 UTC,41.75052562,-87.651835768,"(41.75052562, -87.651835768)"
12399525,JE272265,2021-06-19 06:51:00.000000 UTC,029XX W CONGRESS PKWY,502P,OTHER OFFENSE,FALSE / STOLEN / ALTERED TRP,STREET,true,false,1135,11,27,27,26,1156787.0,1897535.0,2021,2021-06-26 05:10:13.000000 UTC,41.874611073,-87.699812757,"(41.874611073, -87.699812757)"
12445721,JE328774,2021-08-06 07:37:00.000000 UTC,015XX E 76TH ST,502P,OTHER OFFENSE,FALSE / STOLEN / ALTERED TRP,STREET,true,false,411,4,5,43,26,1187686.0,1854897.0,2021,2021-08-13 04:58:01.000000 UTC,41.756927838,-87.587724859,"(41.756927838, -87.587724859)"
12318593,JE173002,2021-03-19 01:55:00.000000 UTC,002XX E 43RD ST,502P,OTHER OFFENSE,FALSE / STOLEN / ALTERED TRP,STREET,true,false,213,2,3,38,26,1178426.0,1876553.0,2021,2021-03-26 05:00:56.000000 UTC,41.816569249,-87.621003344,"(41.816569249, -87.621003344)"
12300669,JE151339,2021-02-24 08:10:00.000000 UTC,107XX S MICHIGAN AVE,502P,OTHER OFFENSE,FALSE / STOLEN / ALTERED TRP,SIDEWALK,true,false,513,5,9,49,26,1178806.0,1833767.0,2021,2021-03-03 03:47:36.000000 UTC,41.699151043,-87.620909169,"(41.699151043, -87.620909169)"
12330268,JE187175,2021-04-02 12:43:00.000000 UTC,021XX N KEDZIE AVE,502P,OTHER OFFENSE,FALSE / STOLEN / ALTERED TRP,STREET,true,false,1414,14,32,22,26,1154690.0,1914171.0,2021,2021-04-09 05:06:35.000000 UTC,41.920304025,-87.707066201,"(41.920304025, -87.707066201)"
12544948,JE449969,2021-11-19 02:26:00.000000 UTC,054XX W FULLERTON AVE,502P,OTHER OFFENSE,FALSE / STOLEN / ALTERED TRP,STREET,true,false,2515,25,30,19,26,1139566.0,1915421.0,2021,2021-11-26 03:47:53.000000 UTC,41.924023796,-87.76260468,"(41.924023796, -87.76260468)"
12268160,JE111177,2021-01-12 08:00:00.000000 UTC,001XX S HAMLIN BLVD,502R,OTHER OFFENSE,VEHICLE TITLE / REGISTRATION OFFENSE,STREET,true,false,1122,11,28,26,26,1151083.0,1899365.0,2021,2021-01-19 03:53:51.000000 UTC,41.879746414,-87.720707544,"(41.879746414, -87.720707544)"
12357168,JE219876,2021-05-04 08:54:00.000000 UTC,019XX W 79TH ST,502R,OTHER OFFENSE,VEHICLE TITLE / REGISTRATION OFFENSE,STREET,true,false,611,6,17,71,26,1164578.0,1852271.0,2021,2021-05-11 05:00:54.000000 UTC,41.750240089,-87.672485588,"(41.750240089, -87.672485588)"
12458531,JE344371,2021-08-20 10:27:00.000000 UTC,065XX S WENTWORTH AVE,502R,OTHER OFFENSE,VEHICLE TITLE / REGISTRATION OFFENSE,STREET,true,false,722,7,20,68,26,1176073.0,1861948.0,2021,2021-08-27 04:50:05.000000 UTC,41.77654489,-87.630072928,"(41.77654489, -87.630072928)"
12417219,JE293952,2021-07-07 09:10:00.000000 UTC,067XX S RACINE AVE,502R,OTHER OFFENSE,VEHICLE TITLE / REGISTRATION OFFENSE,STREET,true,false,724,7,16,68,26,1169478.0,1860194.0,2021,2021-07-14 05:06:24.000000 UTC,41.771877151,-87.654300584,"(41.771877151, -87.654300584)"
12416714,JE293214,2021-07-07 10:59:00.000000 UTC,015XX N HOMAN AVE,502R,OTHER OFFENSE,VEHICLE TITLE / REGISTRATION OFFENSE,STREET,true,false,1422,14,26,23,26,1153414.0,1909919.0,2021,2021-07-14 05:06:24.000000 UTC,41.908661639,-87.711867689,"(41.908661639, -87.711867689)"
12544574,JE449567,2021-11-18 04:58:00.000000 UTC,111XX S TORRENCE AVE,502R,OTHER OFFENSE,VEHICLE TITLE / REGISTRATION OFFENSE,STREET,true,false,434,4,10,51,26,1195600.0,1831765.0,2021,2021-11-25 03:47:19.000000 UTC,41.693259689,-87.559484033,"(41.693259689, -87.559484033)"
12366358,JE231352,2021-05-15 06:26:00.000000 UTC,038XX W NORTH AVE,502R,OTHER OFFENSE,VEHICLE TITLE / REGISTRATION OFFENSE,STREET,true,false,2535,25,26,23,26,1150563.0,1910361.0,2021,2021-05-22 05:19:13.000000 UTC,41.909930734,-87.722329394,"(41.909930734, -87.722329394)"
12266314,JE109092,2021-01-10 05:58:00.000000 UTC,010XX W 78TH ST,502R,OTHER OFFENSE,VEHICLE TITLE / REGISTRATION OFFENSE,STREET,true,false,612,6,17,71,26,1170540.0,1853092.0,2021,2021-01-17 03:49:56.000000 UTC,41.752365285,-87.650614254,"(41.752365285, -87.650614254)"
12279259,JE124170,2021-01-26 07:39:00.000000 UTC,007XX E 79TH ST,502R,OTHER OFFENSE,VEHICLE TITLE / REGISTRATION OFFENSE,STREET,true,false,624,6,6,69,26,1182347.0,1852782.0,2021,2021-02-02 03:48:32.000000 UTC,41.751249367,-87.607356573,"(41.751249367, -87.607356573)"
12516404,JE414955,2021-10-19 09:52:00.000000 UTC,005XX E 78TH ST,502R,OTHER OFFENSE,VEHICLE TITLE / REGISTRATION OFFENSE,STREET,true,false,624,6,6,69,26,1181078.0,1853406.0,2021,2021-10-26 04:54:02.000000 UTC,41.75299098,-87.611987618,"(41.75299098, -87.611987618)"
12350004,JE211015,2021-04-26 06:27:00.000000 UTC,005XX E 90TH ST,502R,OTHER OFFENSE,VEHICLE TITLE / REGISTRATION OFFENSE,STREET,true,false,633,6,9,44,26,1181318.0,1845420.0,2021,2021-05-03 04:48:50.000000 UTC,41.731070963,-87.611353652,"(41.731070963, -87.611353652)"
12259249,JE100842,2021-01-01 08:43:00.000000 UTC,090XX S SOUTH CHICAGO AVE,502R,OTHER OFFENSE,VEHICLE TITLE / REGISTRATION OFFENSE,VEHICLE NON-COMMERCIAL,true,false,423,4,7,48,26,1195950.0,1845692.0,2021,2021-01-16 03:49:23.000000 UTC,41.731468057,-87.557743346,"(41.731468057, -87.557743346)"
12333019,JE190674,2021-04-05 09:51:00.000000 UTC,073XX S HALSTED ST,502R,OTHER OFFENSE,VEHICLE TITLE / REGISTRATION OFFENSE,STREET,true,false,733,7,6,68,26,1172235.0,1856292.0,2021,2021-04-12 05:33:53.000000 UTC,41.761109412,-87.644308897,"(41.761109412, -87.644308897)"
12379386,JE247309,2021-05-29 09:27:00.000000 UTC,083XX S ASHLAND AVE,502R,OTHER OFFENSE,VEHICLE TITLE / REGISTRATION OFFENSE,PARKING LOT / GARAGE (NON RESIDENTIAL),true,false,614,6,21,71,26,1167122.0,1849514.0,2021,2021-06-05 04:52:48.000000 UTC,41.742620493,-87.663241882,"(41.742620493, -87.663241882)"
12539984,JE444091,2021-11-13 04:13:00.000000 UTC,108XX S PEORIA ST,502R,OTHER OFFENSE,VEHICLE TITLE / REGISTRATION OFFENSE,DRIVEWAY - RESIDENTIAL,true,false,2233,22,34,75,26,1172247.0,1832854.0,2021,2021-11-20 03:50:14.000000 UTC,41.696792004,-87.644951902,"(41.696792004, -87.644951902)"
12421663,JE299446,2021-07-12 08:28:00.000000 UTC,012XX N PULASKI RD,502R,OTHER OFFENSE,VEHICLE TITLE / REGISTRATION OFFENSE,STREET,true,false,2535,25,37,23,26,1149498.0,1907791.0,2021,2021-07-19 05:00:39.000000 UTC,41.902899152,-87.72630861,"(41.902899152, -87.72630861)"
12275516,JE119696,2021-01-22 02:07:00.000000 UTC,027XX S MILLARD AVE,502R,OTHER OFFENSE,VEHICLE TITLE / REGISTRATION OFFENSE,STREET,true,false,1032,10,22,30,26,1152478.0,1885647.0,2021,2021-01-29 03:46:26.000000 UTC,41.842075201,-87.71594748,"(41.842075201, -87.71594748)"
12358766,JE221955,2021-05-06 06:53:00.000000 UTC,001XX N HAMLIN BLVD,502R,OTHER OFFENSE,VEHICLE TITLE / REGISTRATION OFFENSE,STREET,true,false,1122,11,28,27,26,1151043.0,1900253.0,2021,2021-05-13 05:03:37.000000 UTC,41.882183965,-87.720831149,"(41.882183965, -87.720831149)"
12274454,JE118562,2021-01-20 09:21:00.000000 UTC,078XX S MORGAN ST,502R,OTHER OFFENSE,VEHICLE TITLE / REGISTRATION OFFENSE,STREET,true,false,621,6,17,71,26,1171006.0,1852797.0,2021,2021-01-27 03:54:59.000000 UTC,41.751545607,-87.648915166,"(41.751545607, -87.648915166)"
12393375,JE264572,2021-06-13 02:40:00.000000 UTC,017XX N HUMBOLDT BLVD,502R,OTHER OFFENSE,VEHICLE TITLE / REGISTRATION OFFENSE,STREET,true,false,1421,14,1,24,26,1156105.0,1911406.0,2021,2021-06-20 04:57:58.000000 UTC,41.912688166,-87.701942001,"(41.912688166, -87.701942001)"
12432010,JE311920,2021-07-23 09:40:00.000000 UTC,017XX W NORTH AVE,502R,OTHER OFFENSE,VEHICLE TITLE / REGISTRATION OFFENSE,STREET,true,false,1433,14,2,24,26,1164673.0,1910707.0,2021,2021-07-30 05:16:09.000000 UTC,41.91059267,-87.670485196,"(41.91059267, -87.670485196)"
12331251,JE188484,2021-04-03 04:44:00.000000 UTC,004XX E 51ST ST,502R,OTHER OFFENSE,VEHICLE TITLE / REGISTRATION OFFENSE,STREET,true,false,233,2,4,40,26,1180188.0,1871302.0,2021,2021-04-10 05:05:58.000000 UTC,41.802119803,-87.614701043,"(41.802119803, -87.614701043)"
12301284,JE152225,2021-02-25 03:49:00.000000 UTC,094XX S STATE ST,502R,OTHER OFFENSE,VEHICLE TITLE / REGISTRATION OFFENSE,STREET,true,false,634,6,21,49,26,1177962.0,1842186.0,2021,2021-03-04 03:52:04.000000 UTC,41.722273042,-87.623745461,"(41.722273042, -87.623745461)"
12527060,JE428223,2021-10-30 06:20:00.000000 UTC,063XX S MORGAN ST,502R,OTHER OFFENSE,VEHICLE TITLE / REGISTRATION OFFENSE,STREET,true,false,723,7,16,68,26,1170735.0,1862725.0,2021,2021-11-06 04:51:12.000000 UTC,41.778795193,-87.649619065,"(41.778795193, -87.649619065)"
12313973,JE167355,2021-03-12 08:26:00.000000 UTC,067XX S ASHLAND AVE,502R,OTHER OFFENSE,VEHICLE TITLE / REGISTRATION OFFENSE,GAS STATION,true,false,725,7,16,67,26,1166831.0,1860122.0,2021,2021-03-19 04:51:13.000000 UTC,41.771736514,-87.66400571,"(41.771736514, -87.66400571)"
12544513,JE449324,2021-11-18 12:45:00.000000 UTC,117XX S STATE ST,502R,OTHER OFFENSE,VEHICLE TITLE / REGISTRATION OFFENSE,STREET,true,false,532,5,9,53,26,1178364.0,1826942.0,2021,2021-11-25 03:47:19.000000 UTC,41.680432271,-87.622733708,"(41.680432271, -87.622733708)"
12581734,JE494374,2021-12-31 08:34:00.000000 UTC,067XX S WESTERN AVE,502R,OTHER OFFENSE,VEHICLE TITLE / REGISTRATION OFFENSE,STREET,true,false,832,8,17,66,26,1161536.0,1859908.0,2021,2022-01-07 03:47:10.000000 UTC,41.771260709,-87.683421471,"(41.771260709, -87.683421471)"
12373879,JE240551,2021-05-23 11:58:00.000000 UTC,006XX S FRANCISCO AVE,502R,OTHER OFFENSE,VEHICLE TITLE / REGISTRATION OFFENSE,STREET,true,false,1135,11,28,27,26,1157135.0,1897148.0,2021,2021-05-30 05:03:31.000000 UTC,41.873542051,-87.698545556,"(41.873542051, -87.698545556)"
12424127,JE302313,2021-07-15 12:40:00.000000 UTC,013XX W HOWARD ST,502R,OTHER OFFENSE,VEHICLE TITLE / REGISTRATION OFFENSE,STREET,true,false,2422,24,49,1,26,1165818.0,1950318.0,2021,2021-07-22 05:10:18.000000 UTC,42.01926242,-87.665144101,"(42.01926242, -87.665144101)"
12436829,JE317899,2021-07-28 09:51:00.000000 UTC,060XX S GREEN ST,502R,OTHER OFFENSE,VEHICLE TITLE / REGISTRATION OFFENSE,STREET,true,false,712,7,16,68,26,1171670.0,1864896.0,2021,2021-08-04 04:58:40.000000 UTC,41.784732216,-87.646127681,"(41.784732216, -87.646127681)"
12403653,JE277311,2021-06-23 08:10:00.000000 UTC,006XX W 76TH ST,502R,OTHER OFFENSE,VEHICLE TITLE / REGISTRATION OFFENSE,STREET,true,false,621,6,6,69,26,1173357.0,1854490.0,2021,2021-06-30 04:55:19.000000 UTC,41.756139768,-87.640249911,"(41.756139768, -87.640249911)"
12553372,JE460228,2021-11-29 12:52:00.000000 UTC,022XX N KEDZIE BLVD,502R,OTHER OFFENSE,VEHICLE TITLE / REGISTRATION OFFENSE,STREET,true,false,1414,14,32,22,26,1154657.0,1915151.0,2021,2021-12-06 03:48:37.000000 UTC,41.922993886,-87.707161157,"(41.922993886, -87.707161157)"
12480162,JE370670,2021-09-12 11:51:00.000000 UTC,031XX W DIVISION ST,502R,OTHER OFFENSE,VEHICLE TITLE / REGISTRATION OFFENSE,STREET,true,false,1211,12,26,24,26,1155233.0,1907814.0,2021,2021-09-19 04:49:40.000000 UTC,41.902848975,-87.70524215,"(41.902848975, -87.70524215)"
12493001,JE386464,2021-09-25 03:29:00.000000 UTC,035XX W LAWRENCE AVE,502R,OTHER OFFENSE,VEHICLE TITLE / REGISTRATION OFFENSE,VEHICLE NON-COMMERCIAL,true,false,1712,17,33,14,26,1151999.0,1931668.0,2021,2021-10-02 04:47:29.000000 UTC,41.96837062,-87.716490857,"(41.96837062, -87.716490857)"
12510472,JE407738,2021-10-12 09:19:00.000000 UTC,012XX W MARQUETTE RD,502R,OTHER OFFENSE,VEHICLE TITLE / REGISTRATION OFFENSE,STREET,true,false,724,7,17,67,26,1169061.0,1860349.0,2021,2021-10-19 04:48:47.000000 UTC,41.772311515,-87.655824698,"(41.772311515, -87.655824698)"
12436732,JE317800,2021-07-28 07:04:00.000000 UTC,012XX S CALIFORNIA BLVD,502R,OTHER OFFENSE,VEHICLE TITLE / REGISTRATION OFFENSE,STREET,true,false,1022,10,24,29,26,1157874.0,1894511.0,2021,2021-08-04 04:58:40.000000 UTC,41.866290829,-87.6959042,"(41.866290829, -87.6959042)"
12480168,JE370616,2021-09-12 11:00:00.000000 UTC,016XX N KIMBALL AVE,502R,OTHER OFFENSE,VEHICLE TITLE / REGISTRATION OFFENSE,STREET,true,false,1422,14,26,23,26,1153452.0,1910766.0,2021,2021-09-22 04:52:35.000000 UTC,41.910985128,-87.711705544,"(41.910985128, -87.711705544)"
12268912,JE112041,2021-01-13 09:21:00.000000 UTC,078XX S SOUTH SHORE DR,502R,OTHER OFFENSE,VEHICLE TITLE / REGISTRATION OFFENSE,STREET,true,false,421,4,7,46,26,1198233.0,1853554.0,2021,2021-01-20 03:53:42.000000 UTC,41.752985214,-87.549117566,"(41.752985214, -87.549117566)"
12369266,JE234712,2021-05-18 10:01:00.000000 UTC,008XX W 74TH ST,502R,OTHER OFFENSE,VEHICLE TITLE / REGISTRATION OFFENSE,STREET,true,false,733,7,6,68,26,1172095.0,1855790.0,2021,2021-05-25 04:53:01.000000 UTC,41.759734938,-87.644836731,"(41.759734938, -87.644836731)"
12547408,JE453004,2021-11-21 08:20:00.000000 UTC,0000X E 57TH ST,502R,OTHER OFFENSE,VEHICLE TITLE / REGISTRATION OFFENSE,STREET,true,false,232,2,20,40,26,1177820.0,1867250.0,2021,2021-11-28 03:48:38.000000 UTC,41.791054731,-87.623508102,"(41.791054731, -87.623508102)"
12323212,JE178637,2021-03-24 04:24:00.000000 UTC,104XX S WENTWORTH AVE,502R,OTHER OFFENSE,VEHICLE TITLE / REGISTRATION OFFENSE,STREET,true,false,512,5,34,49,26,1176792.0,1835901.0,2021,2021-03-31 04:59:47.000000 UTC,41.705052523,-87.628219509,"(41.705052523, -87.628219509)"
12368162,JE233471,2021-05-17 07:47:00.000000 UTC,028XX W SHAKESPEARE AVE,502R,OTHER OFFENSE,VEHICLE TITLE / REGISTRATION OFFENSE,STREET,true,false,1414,14,1,22,26,1157254.0,1914312.0,2021,2021-05-24 04:52:16.000000 UTC,41.920639172,-87.697641719,"(41.920639172, -87.697641719)"
12390768,JE261292,2021-06-10 07:20:00.000000 UTC,020XX N CALIFORNIA AVE,502R,OTHER OFFENSE,VEHICLE TITLE / REGISTRATION OFFENSE,STREET,true,false,1414,14,1,22,26,1157367.0,1913726.0,2021,2021-06-17 04:54:12.000000 UTC,41.919028843,-87.697242503,"(41.919028843, -87.697242503)"
12378544,JE246135,2021-05-28 06:23:00.000000 UTC,032XX W NORTH AVE,502R,OTHER OFFENSE,VEHICLE TITLE / REGISTRATION OFFENSE,STREET,true,false,1422,14,26,23,26,1154237.0,1910445.0,2021,2021-06-04 04:51:18.000000 UTC,41.910088628,-87.7088303,"(41.910088628, -87.7088303)"
12424015,JE302098,2021-07-15 10:42:00.000000 UTC,022XX N CALIFORNIA AVE,502R,OTHER OFFENSE,VEHICLE TITLE / REGISTRATION OFFENSE,STREET,true,false,1431,14,1,22,26,1157327.0,1915045.0,2021,2021-07-22 05:10:18.000000 UTC,41.922649094,-87.697353527,"(41.922649094, -87.697353527)"
12577778,JE489678,2021-12-26 11:20:00.000000 UTC,032XX W ADDISON ST,502R,OTHER OFFENSE,VEHICLE TITLE / REGISTRATION OFFENSE,GAS STATION,true,false,1733,17,35,21,26,1154345.0,1923762.0,2021,2022-01-02 03:50:29.000000 UTC,41.94662937,-87.708076802,"(41.94662937, -87.708076802)"
12333338,JE191078,2021-04-06 10:37:00.000000 UTC,003XX E 35TH ST,502R,OTHER OFFENSE,VEHICLE TITLE / REGISTRATION OFFENSE,STREET,true,false,211,2,4,35,26,1178900.0,1881847.0,2021,2021-04-13 05:27:07.000000 UTC,41.831085608,-87.619103181,"(41.831085608, -87.619103181)"
12417730,JE294611,2021-07-08 12:39:00.000000 UTC,016XX S SPRINGFIELD AVE,502R,OTHER OFFENSE,VEHICLE TITLE / REGISTRATION OFFENSE,STREET,true,false,1014,10,24,29,26,1150667.0,1891505.0,2021,2021-07-15 04:47:48.000000 UTC,41.85818581,-87.722440438,"(41.85818581, -87.722440438)"
12581531,JE494206,2021-12-31 03:06:00.000000 UTC,0000X E CHICAGO AVE,502R,OTHER OFFENSE,VEHICLE TITLE / REGISTRATION OFFENSE,STREET,true,false,1833,18,42,8,26,1176365.0,1905732.0,2021,2022-01-08 03:45:56.000000 UTC,41.896685066,-87.627683859,"(41.896685066, -87.627683859)"
12306584,JE158576,2021-03-03 10:30:00.000000 UTC,038XX W MONTROSE AVE,502R,OTHER OFFENSE,VEHICLE TITLE / REGISTRATION OFFENSE,STREET,true,false,1723,17,35,14,26,1149807.0,1928961.0,2021,2021-03-11 03:45:08.000000 UTC,41.960985445,-87.724621496,"(41.960985445, -87.724621496)"
12298073,JE148257,2021-02-21 08:11:00.000000 UTC,005XX W ROOSEVELT RD,502R,OTHER OFFENSE,VEHICLE TITLE / REGISTRATION OFFENSE,STREET,true,false,124,1,25,28,26,1173149.0,1894980.0,2021,2021-02-28 03:48:02.000000 UTC,41.867252873,-87.639814693,"(41.867252873, -87.639814693)"
12578988,JE490888,2021-12-28 11:12:00.000000 UTC,035XX W DIVISION ST,502R,OTHER OFFENSE,VEHICLE TITLE / REGISTRATION OFFENSE,STREET,true,false,1422,14,26,23,26,1152420.0,1907762.0,2021,2022-01-04 03:51:23.000000 UTC,41.902762334,-87.715576251,"(41.902762334, -87.715576251)"
12405434,JE279513,2021-06-25 06:45:00.000000 UTC,034XX S STATE ST,502R,OTHER OFFENSE,VEHICLE TITLE / REGISTRATION OFFENSE,STREET,true,false,211,2,3,35,26,1176835.0,1882105.0,2021,2021-07-09 04:56:50.000000 UTC,41.831840444,-87.626671949,"(41.831840444, -87.626671949)"
12429806,JE308946,2021-07-21 11:50:00.000000 UTC,056XX W LE MOYNE ST,502R,OTHER OFFENSE,VEHICLE TITLE / REGISTRATION OFFENSE,STREET,true,false,2531,25,29,25,26,1138302.0,1909408.0,2021,2021-07-28 05:18:06.000000 UTC,41.907546427,-87.767394987,"(41.907546427, -87.767394987)"
12291991,JE140232,2021-02-12 09:00:00.000000 UTC,079XX S HALSTED ST,502R,OTHER OFFENSE,VEHICLE TITLE / REGISTRATION OFFENSE,STREET,true,false,621,6,17,71,26,1172344.0,1852279.0,2021,2021-02-19 03:48:53.000000 UTC,41.750094836,-87.644027249,"(41.750094836, -87.644027249)"
12413792,JE289587,2021-07-04 11:12:00.000000 UTC,036XX W NORTH AVE,502R,OTHER OFFENSE,VEHICLE TITLE / REGISTRATION OFFENSE,STREET,true,false,2535,25,26,23,26,1151754.0,1910387.0,2021,2021-07-11 05:01:53.000000 UTC,41.909978717,-87.717953432,"(41.909978717, -87.717953432)"
12381048,JE249204,2021-05-31 06:12:00.000000 UTC,033XX W NORTH AVE,502R,OTHER OFFENSE,VEHICLE TITLE / REGISTRATION OFFENSE,STREET,true,false,1422,14,26,23,26,1153712.0,1910433.0,2021,2021-06-07 04:58:19.000000 UTC,41.910066171,-87.71075927,"(41.910066171, -87.71075927)"
12293140,JE141842,2021-02-14 07:12:00.000000 UTC,027XX W FULLERTON AVE,502R,OTHER OFFENSE,VEHICLE TITLE / REGISTRATION OFFENSE,STREET,true,false,1431,14,1,22,26,1157757.0,1915841.0,2021,2021-02-21 03:48:47.000000 UTC,41.924824616,-87.695751819,"(41.924824616, -87.695751819)"
12566897,JE476617,2021-12-13 10:28:00.000000 UTC,0000X W ELM ST,502R,OTHER OFFENSE,VEHICLE TITLE / REGISTRATION OFFENSE,STREET,true,false,1824,18,2,8,26,1175504.0,1908078.0,2021,2021-12-20 03:50:42.000000 UTC,41.903141995,-87.63077557,"(41.903141995, -87.63077557)"
12395671,JE267382,2021-06-15 08:06:00.000000 UTC,028XX N MILWAUKEE AVE,502R,OTHER OFFENSE,VEHICLE TITLE / REGISTRATION OFFENSE,STREET,true,false,1412,14,35,21,26,1152835.0,1918764.0,2021,2021-06-22 04:58:14.000000 UTC,41.932944568,-87.713759914,"(41.932944568, -87.713759914)"
12301574,JE152523,2021-02-25 10:55:00.000000 UTC,012XX N MILWAUKEE AVE,502R,OTHER OFFENSE,VEHICLE TITLE / REGISTRATION OFFENSE,STREET,true,false,1424,14,1,24,26,1165377.0,1908422.0,2021,2021-03-04 03:52:04.000000 UTC,41.904307518,-87.667964083,"(41.904307518, -87.667964083)"
12548037,JE453630,2021-11-22 01:36:00.000000 UTC,047XX W FULLERTON AVE,502R,OTHER OFFENSE,VEHICLE TITLE / REGISTRATION OFFENSE,PARKING LOT / GARAGE (NON RESIDENTIAL),true,false,2522,25,31,19,26,1144183.0,1915534.0,2021,2021-11-29 03:51:01.000000 UTC,41.924248302,-87.745636923,"(41.924248302, -87.745636923)"
12387707,JE257567,2021-06-07 07:34:00.000000 UTC,119XX S MICHIGAN AVE,502R,OTHER OFFENSE,VEHICLE TITLE / REGISTRATION OFFENSE,STREET,true,false,532,5,9,53,26,1178985.0,1825858.0,2021,2021-06-14 05:03:24.000000 UTC,41.677443536,-87.62049339,"(41.677443536, -87.62049339)"
12312357,JE165338,2021-03-10 07:52:00.000000 UTC,015XX W 83RD ST,502R,OTHER OFFENSE,VEHICLE TITLE / REGISTRATION OFFENSE,PARKING LOT / GARAGE (NON RESIDENTIAL),true,false,614,6,21,71,26,1167313.0,1849685.0,2021,2021-03-17 04:51:25.000000 UTC,41.743085658,-87.66253717,"(41.743085658, -87.66253717)"
12372819,JE239129,2021-05-22 07:16:00.000000 UTC,004XX W 79TH ST,502R,OTHER OFFENSE,VEHICLE TITLE / REGISTRATION OFFENSE,STREET,true,false,621,6,17,44,26,1174572.0,1852539.0,2021,2021-05-29 05:00:24.000000 UTC,41.750759037,-87.635855177,"(41.750759037, -87.635855177)"
12354230,JE216409,2021-05-01 08:24:00.000000 UTC,007XX W 87TH ST,502R,OTHER OFFENSE,VEHICLE TITLE / REGISTRATION OFFENSE,STREET,true,false,622,6,21,71,26,1172739.0,1847249.0,2021,2021-05-08 04:51:07.000000 UTC,41.736283161,-87.642727723,"(41.736283161, -87.642727723)"
12385853,JE255225,2021-06-05 10:09:00.000000 UTC,078XX S EBERHART AVE,502R,OTHER OFFENSE,VEHICLE TITLE / REGISTRATION OFFENSE,STREET,true,false,624,6,6,69,26,1180935.0,1853052.0,2021,2021-06-12 04:55:39.000000 UTC,41.752022854,-87.61252252,"(41.752022854, -87.61252252)"
12269308,JE112419,2021-01-14 11:42:00.000000 UTC,027XX E 76TH ST,502R,OTHER OFFENSE,VEHICLE TITLE / REGISTRATION OFFENSE,STREET,true,false,421,4,7,43,26,1195918.0,1855215.0,2021,2021-01-21 03:51:43.000000 UTC,41.757600711,-87.557546054,"(41.757600711, -87.557546054)"
12272837,JE116629,2021-01-18 08:31:00.000000 UTC,006XX W 69TH ST,502R,OTHER OFFENSE,VEHICLE TITLE / REGISTRATION OFFENSE,STREET,true,false,732,7,6,68,26,1173018.0,1859134.0,2021,2021-01-25 03:48:31.000000 UTC,41.768890957,-87.641355361,"(41.768890957, -87.641355361)"
12481645,JE372612,2021-09-13 11:30:00.000000 UTC,038XX W MONROE ST,502R,OTHER OFFENSE,VEHICLE TITLE / REGISTRATION OFFENSE,STREET,true,false,1122,11,28,26,26,1150913.0,1899389.0,2021,2021-09-20 04:47:17.000000 UTC,41.879815601,-87.721331136,"(41.879815601, -87.721331136)"
12367172,JE232260,2021-05-16 07:03:00.000000 UTC,016XX N CALIFORNIA AVE,502R,OTHER OFFENSE,VEHICLE TITLE / REGISTRATION OFFENSE,STREET,true,false,1421,14,1,24,26,1157449.0,1910917.0,2021,2021-05-23 05:26:01.000000 UTC,41.911319054,-87.697017796,"(41.911319054, -87.697017796)"
12429084,JE308269,2021-07-20 03:30:00.000000 UTC,004XX E 43RD ST,502R,OTHER OFFENSE,VEHICLE TITLE / REGISTRATION OFFENSE,STREET,true,false,214,2,3,38,26,1179732.0,1876590.0,2021,2021-07-27 05:06:23.000000 UTC,41.816640971,-87.616211542,"(41.816640971, -87.616211542)"
12336346,JE194795,2021-04-09 07:37:00.000000 UTC,074XX S STATE ST,502R,OTHER OFFENSE,VEHICLE TITLE / REGISTRATION OFFENSE,STREET,true,false,323,3,6,69,26,1177575.0,1855352.0,2021,2021-04-16 05:26:56.000000 UTC,41.758410906,-87.624765909,"(41.758410906, -87.624765909)"
12317726,JE171961,2021-03-17 08:46:00.000000 UTC,016XX W 66TH ST,502R,OTHER OFFENSE,VEHICLE TITLE / REGISTRATION OFFENSE,STREET,true,false,725,7,15,67,26,1166216.0,1860936.0,2021,2021-03-24 05:06:10.000000 UTC,41.773983348,-87.66623696,"(41.773983348, -87.66623696)"
12393337,JE264559,2021-06-13 01:35:00.000000 UTC,013XX N CENTRAL PARK AVE,502R,OTHER OFFENSE,VEHICLE TITLE / REGISTRATION OFFENSE,STREET,true,false,2535,25,26,23,26,1152249.0,1908504.0,2021,2021-06-20 04:57:58.000000 UTC,41.904801829,-87.716184761,"(41.904801829, -87.716184761)"
12548000,JE453723,2021-11-22 03:09:00.000000 UTC,057XX S CALUMET AVE,502R,OTHER OFFENSE,VEHICLE TITLE / REGISTRATION OFFENSE,STREET,true,false,232,2,20,40,26,1179460.0,1867125.0,2021,2021-11-29 03:51:01.000000 UTC,41.790674405,-87.617498454,"(41.790674405, -87.617498454)"
12369976,JE235684,2021-05-18 06:20:00.000000 UTC,012XX S LAWNDALE AVE,502R,OTHER OFFENSE,VEHICLE TITLE / REGISTRATION OFFENSE,STREET,true,false,1011,10,24,29,26,1151903.0,1894190.0,2021,2021-05-25 04:53:01.000000 UTC,41.865529539,-87.717832854,"(41.865529539, -87.717832854)"
12315332,JE169038,2021-03-14 07:10:00.000000 UTC,012XX S SACRAMENTO DR,502R,OTHER OFFENSE,VEHICLE TITLE / REGISTRATION OFFENSE,STREET,true,false,1022,10,24,29,26,1156545.0,1894504.0,2021,2021-03-21 04:49:58.000000 UTC,41.866298596,-87.700783285,"(41.866298596, -87.700783285)"
12319991,JE174674,2021-03-20 06:27:00.000000 UTC,081XX S MAY ST,502R,OTHER OFFENSE,VEHICLE TITLE / REGISTRATION OFFENSE,STREET,true,false,613,6,21,71,26,1170066.0,1850921.0,2021,2021-03-27 04:58:28.000000 UTC,41.746418078,-87.652414221,"(41.746418078, -87.652414221)"
12377594,JE245085,2021-05-27 06:22:00.000000 UTC,013XX N MONTICELLO AVE,502R,OTHER OFFENSE,VEHICLE TITLE / REGISTRATION OFFENSE,STREET,true,false,2535,25,26,23,26,1151791.0,1908666.0,2021,2021-06-03 04:48:08.000000 UTC,41.905255402,-87.717862872,"(41.905255402, -87.717862872)"
12427224,JE306032,2021-07-18 08:56:00.000000 UTC,085XX S DAMEN AVE,502R,OTHER OFFENSE,VEHICLE TITLE / REGISTRATION OFFENSE,STREET,true,false,614,6,18,71,26,1164507.0,1848100.0,2021,2021-07-25 05:03:38.000000 UTC,41.738795744,-87.67286308,"(41.738795744, -87.67286308)"
12259281,JE100912,2021-01-01 11:44:00.000000 UTC,014XX N WESTERN AVE,502R,OTHER OFFENSE,VEHICLE TITLE / REGISTRATION OFFENSE,STREET,true,false,1424,14,1,24,26,1160147.0,1909510.0,2021,2021-01-16 03:49:23.000000 UTC,41.907402786,-87.687145162,"(41.907402786, -87.687145162)"
12325868,JE181730,2021-03-27 08:22:00.000000 UTC,001XX W 71ST ST,502R,OTHER OFFENSE,VEHICLE TITLE / REGISTRATION OFFENSE,STREET,true,false,731,7,6,69,26,1176460.0,1857909.0,2021,2021-04-03 05:04:00.000000 UTC,41.765452736,-87.628775511,"(41.765452736, -87.628775511)"
12386804,JE256418,2021-06-06 10:34:00.000000 UTC,116XX S STATE ST,502R,OTHER OFFENSE,VEHICLE TITLE / REGISTRATION OFFENSE,STREET,true,false,532,5,9,53,26,1178344.0,1827534.0,2021,2021-06-13 04:53:53.000000 UTC,41.682057261,-87.622789046,"(41.682057261, -87.622789046)"
12435886,JE316623,2021-07-27 09:48:00.000000 UTC,001XX E 75TH ST,502R,OTHER OFFENSE,VEHICLE TITLE / REGISTRATION OFFENSE,STREET,true,false,323,3,6,69,26,1178566.0,1855320.0,2021,2021-08-03 04:47:34.000000 UTC,41.758300638,-87.621134974,"(41.758300638, -87.621134974)"
12319242,JE173787,2021-03-19 08:08:00.000000 UTC,004XX E 83RD ST,502R,OTHER OFFENSE,VEHICLE TITLE / REGISTRATION OFFENSE,PARKING LOT / GARAGE (NON RESIDENTIAL),true,false,631,6,6,44,26,1180450.0,1850058.0,2021,2021-03-26 05:00:56.000000 UTC,41.743818117,-87.614391486,"(41.743818117, -87.614391486)"
12482900,JE374057,2021-09-15 01:42:00.000000 UTC,047XX N CENTRAL AVE,502R,OTHER OFFENSE,VEHICLE TITLE / REGISTRATION OFFENSE,STREET,true,false,1622,16,45,15,26,1138137.0,1931275.0,2021,2021-09-22 04:54:46.000000 UTC,41.967554742,-87.767470895,"(41.967554742, -87.767470895)"
12271288,JE114909,2021-01-16 07:53:00.000000 UTC,012XX W 83RD ST,502R,OTHER OFFENSE,VEHICLE TITLE / REGISTRATION OFFENSE,STREET,true,false,613,6,21,71,26,1169555.0,1849745.0,2021,2021-01-23 03:54:52.000000 UTC,41.743202054,-87.654320646,"(41.743202054, -87.654320646)"
12487206,JE379468,2021-09-19 11:49:00.000000 UTC,028XX N MILWAUKEE AVE,502R,OTHER OFFENSE,VEHICLE TITLE / REGISTRATION OFFENSE,STREET,true,false,1412,14,35,21,26,1152523.0,1919016.0,2021,2021-09-26 04:48:34.000000 UTC,41.933642258,-87.714899813,"(41.933642258, -87.714899813)"
12324305,JE179839,2021-03-25 09:29:00.000000 UTC,023XX N MILWAUKEE AVE,502R,OTHER OFFENSE,VEHICLE TITLE / REGISTRATION OFFENSE,VEHICLE NON-COMMERCIAL,true,false,1414,14,1,22,26,1156669.0,1915670.0,2021,2021-04-01 05:04:48.000000 UTC,41.924377508,-87.699754269,"(41.924377508, -87.699754269)"
12327307,JE183604,2021-03-29 07:27:00.000000 UTC,022XX N KEDZIE BLVD,502R,OTHER OFFENSE,VEHICLE TITLE / REGISTRATION OFFENSE,STREET,true,false,1414,14,32,22,26,1154669.0,1914739.0,2021,2021-04-05 05:04:35.000000 UTC,41.921863084,-87.70712812,"(41.921863084, -87.70712812)"
12359732,JE223076,2021-05-07 09:38:00.000000 UTC,021XX W 63RD ST,502R,OTHER OFFENSE,VEHICLE TITLE / REGISTRATION OFFENSE,STREET,true,false,714,7,16,67,26,1163357.0,1862844.0,2021,2021-05-14 04:55:48.000000 UTC,41.779279536,-87.676664117,"(41.779279536, -87.676664117)"
12425539,JE303996,2021-07-16 11:01:00.000000 UTC,065XX S ASHLAND AVE,502R,OTHER OFFENSE,VEHICLE TITLE / REGISTRATION OFFENSE,STREET,true,false,725,7,16,67,26,1166796.0,1861368.0,2021,2021-07-23 05:04:15.000000 UTC,41.775156446,-87.664098467,"(41.775156446, -87.664098467)"
12384925,JE254001,2021-06-04 08:20:00.000000 UTC,011XX W 77TH ST,502R,OTHER OFFENSE,VEHICLE TITLE / REGISTRATION OFFENSE,STREET,true,false,612,6,17,71,26,1170211.0,1853747.0,2021,2021-06-11 04:47:17.000000 UTC,41.75416985,-87.651800883,"(41.75416985, -87.651800883)"
12310502,JE163220,2021-03-08 07:44:00.000000 UTC,047XX N BROADWAY,502R,OTHER OFFENSE,VEHICLE TITLE / REGISTRATION OFFENSE,STREET,true,false,1914,19,46,3,26,1167488.0,1931888.0,2021,2021-03-15 04:48:08.000000 UTC,41.968654176,-87.659532372,"(41.968654176, -87.659532372)"
12340525,JE199715,2021-04-14 07:50:00.000000 UTC,006XX W BELMONT AVE,502R,OTHER OFFENSE,VEHICLE TITLE / REGISTRATION OFFENSE,STREET,true,false,1934,19,44,6,26,1171440.0,1921486.0,2021,2021-04-21 04:52:37.000000 UTC,41.940024549,-87.645308184,"(41.940024549, -87.645308184)"
12461784,JE348406,2021-08-24 01:59:00.000000 UTC,017XX W 69TH ST,502R,OTHER OFFENSE,VEHICLE TITLE / REGISTRATION OFFENSE,STREET,true,false,725,7,17,67,26,1165953.0,1858940.0,2021,2021-08-31 04:47:33.000000 UTC,41.768511654,-87.667257734,"(41.768511654, -87.667257734)"
12554715,JE461593,2021-11-30 03:20:00.000000 UTC,026XX W PETERSON AVE,502R,OTHER OFFENSE,VEHICLE TITLE / REGISTRATION OFFENSE,STREET,true,false,2413,24,40,2,26,1157473.0,1939758.0,2021,2021-12-07 03:48:51.000000 UTC,41.990460059,-87.696141904,"(41.990460059, -87.696141904)"
12381658,JE249907,2021-06-01 01:02:00.000000 UTC,022XX N SACRAMENTO AVE,502R,OTHER OFFENSE,VEHICLE TITLE / REGISTRATION OFFENSE,STREET,true,false,1414,14,1,22,26,1156006.0,1914698.0,2021,2021-06-08 04:51:25.000000 UTC,41.921723681,-87.702216704,"(41.921723681, -87.702216704)"
12539458,JE443405,2021-11-13 12:21:00.000000 UTC,015XX W MADISON ST,502R,OTHER OFFENSE,VEHICLE TITLE / REGISTRATION OFFENSE,STREET,true,false,1224,12,27,28,26,1165885.0,1900100.0,2021,2021-11-20 03:50:14.000000 UTC,41.881460513,-87.666335703,"(41.881460513, -87.666335703)"
12502757,JE398353,2021-10-04 10:01:00.000000 UTC,003XX E 93RD ST,502R,OTHER OFFENSE,VEHICLE TITLE / REGISTRATION OFFENSE,STREET,true,false,633,6,9,49,26,1180352.0,1843394.0,2021,2021-10-11 04:49:09.000000 UTC,41.725533552,-87.614954369,"(41.725533552, -87.614954369)"
12317745,JE171978,2021-03-17 09:07:00.000000 UTC,111XX S HALSTED ST,502R,OTHER OFFENSE,VEHICLE TITLE / REGISTRATION OFFENSE,STREET,true,false,2233,22,34,49,26,1172967.0,1831077.0,2021,2021-03-24 05:06:10.000000 UTC,41.69189982,-87.642367883,"(41.69189982, -87.642367883)"
12386233,JE254639,2021-06-05 11:23:00.000000 UTC,011XX W WILSON AVE,502R,OTHER OFFENSE,VEHICLE TITLE / REGISTRATION OFFENSE,STREET,true,false,1913,19,46,3,26,1167857.0,1930701.0,2021,2021-06-12 04:55:39.000000 UTC,41.965389037,-87.658209971,"(41.965389037, -87.658209971)"
12272053,JE115780,2021-01-17 07:58:00.000000 UTC,087XX S CREGIER AVE,502R,OTHER OFFENSE,VEHICLE TITLE / REGISTRATION OFFENSE,STREET,true,false,412,4,8,48,26,1189712.0,1847228.0,2021,2021-01-24 03:47:22.000000 UTC,41.735834968,-87.580545911,"(41.735834968, -87.580545911)"
12534604,JE437482,2021-11-07 07:18:00.000000 UTC,048XX W OAKDALE AVE,502R,OTHER OFFENSE,VEHICLE TITLE / REGISTRATION OFFENSE,STREET,true,false,2521,25,31,19,26,1143667.0,1919179.0,2021,2021-11-14 03:53:24.000000 UTC,41.93426023,-87.747441422,"(41.93426023, -87.747441422)"
12605442,JF128911,2021-08-09 03:00:00.000000 UTC,062XX S DR MARTIN LUTHER KING JR DR,502R,OTHER OFFENSE,VEHICLE TITLE / REGISTRATION OFFENSE,STREET,true,false,313,3,20,42,26,,,2021,2022-02-01 03:51:55.000000 UTC,,,
12260370,JE102174,2021-01-03 12:54:00.000000 UTC,074XX N ASHLAND AVE,502R,OTHER OFFENSE,VEHICLE TITLE / REGISTRATION OFFENSE,STREET,true,false,2422,24,49,1,26,1164412.0,1949662.0,2021,2021-01-16 03:49:23.000000 UTC,42.017492349,-87.67033669,"(42.017492349, -87.67033669)"
12491651,JE384784,2021-09-23 05:47:00.000000 UTC,014XX N MILWAUKEE AVE,502R,OTHER OFFENSE,VEHICLE TITLE / REGISTRATION OFFENSE,STREET,true,false,1424,14,1,24,26,1163993.0,1909586.0,2021,2021-09-30 04:49:11.000000 UTC,41.907530962,-87.673014961,"(41.907530962, -87.673014961)"
12509518,JE406542,2021-10-11 10:21:00.000000 UTC,065XX S GREEN ST,502R,OTHER OFFENSE,VEHICLE TITLE / REGISTRATION OFFENSE,STREET,true,false,723,7,6,68,26,1171764.0,1861413.0,2021,2021-10-18 05:02:25.000000 UTC,41.775172399,-87.645885129,"(41.775172399, -87.645885129)"
12541102,JE445473,2021-11-14 11:42:00.000000 UTC,027XX N CICERO AVE,502R,OTHER OFFENSE,VEHICLE TITLE / REGISTRATION OFFENSE,GAS STATION,true,false,2521,25,31,19,26,1143911.0,1918008.0,2021,2021-11-21 03:48:03.000000 UTC,41.931042314,-87.746574166,"(41.931042314, -87.746574166)"
12436729,JE317784,2021-07-28 07:42:00.000000 UTC,015XX N WASHTENAW AVE,502R,OTHER OFFENSE,VEHICLE TITLE / REGISTRATION OFFENSE,STREET,true,false,1423,14,1,24,26,1158138.0,1910045.0,2021,2021-08-04 04:58:40.000000 UTC,41.908912162,-87.694510491,"(41.908912162, -87.694510491)"
12539290,JE443188,2021-11-12 08:01:00.000000 UTC,022XX N MILWAUKEE AVE,502R,OTHER OFFENSE,VEHICLE TITLE / REGISTRATION OFFENSE,STREET,true,false,1431,14,1,22,26,1157572.0,1914937.0,2021,2021-11-19 03:50:26.000000 UTC,41.922347745,-87.696456264,"(41.922347745, -87.696456264)"
12314635,JE168254,2021-03-13 07:47:00.000000 UTC,076XX S STATE ST,502R,OTHER OFFENSE,VEHICLE TITLE / REGISTRATION OFFENSE,PARKING LOT / GARAGE (NON RESIDENTIAL),true,false,623,6,6,69,26,1177594.0,1854568.0,2021,2021-03-20 04:52:03.000000 UTC,41.756259091,-87.624719943,"(41.756259091, -87.624719943)"
12372814,JE239106,2021-05-22 07:35:00.000000 UTC,022XX N CALIFORNIA AVE,502R,OTHER OFFENSE,VEHICLE TITLE / REGISTRATION OFFENSE,STREET,true,false,1431,14,1,22,26,1157337.0,1914762.0,2021,2021-05-29 05:00:24.000000 UTC,41.921872317,-87.697324496,"(41.921872317, -87.697324496)"
12376561,JE243541,2021-05-26 12:35:00.000000 UTC,049XX S COTTAGE GROVE AVE,502R,OTHER OFFENSE,VEHICLE TITLE / REGISTRATION OFFENSE,STREET,true,false,223,2,4,38,26,1182423.0,1872410.0,2021,2021-06-02 05:19:00.000000 UTC,41.805108676,-87.60647011,"(41.805108676, -87.60647011)"
12373855,JE240502,2021-05-23 10:26:00.000000 UTC,012XX S SACRAMENTO DR,502R,OTHER OFFENSE,VEHICLE TITLE / REGISTRATION OFFENSE,STREET,true,false,1022,10,24,29,26,1156545.0,1894504.0,2021,2021-05-30 05:03:31.000000 UTC,41.866298596,-87.700783285,"(41.866298596, -87.700783285)"
12515868,JE414395,2021-10-18 07:39:00.000000 UTC,009XX W 71ST ST,502R,OTHER OFFENSE,VEHICLE TITLE / REGISTRATION OFFENSE,STREET,true,false,733,7,6,68,26,1171426.0,1857762.0,2021,2021-10-25 04:47:33.000000 UTC,41.765161019,-87.64723096,"(41.765161019, -87.64723096)"
12556521,JE464056,2021-12-02 07:29:00.000000 UTC,079XX S PARNELL AVE,502R,OTHER OFFENSE,VEHICLE TITLE / REGISTRATION OFFENSE,STREET,true,false,621,6,17,44,26,1174006.0,1852356.0,2021,2021-12-09 03:51:25.000000 UTC,41.750269435,-87.637934685,"(41.750269435, -87.637934685)"
12259606,JE101219,2021-01-02 11:38:00.000000 UTC,002XX W MARQUETTE RD,502R,OTHER OFFENSE,VEHICLE TITLE / REGISTRATION OFFENSE,STREET,true,false,722,7,6,68,26,1175898.0,1860545.0,2021,2021-01-16 03:49:23.000000 UTC,41.77269883,-87.630756484,"(41.77269883, -87.630756484)"
12449448,JE333236,2021-08-10 08:51:00.000000 UTC,079XX S ASHLAND AVE,502R,OTHER OFFENSE,VEHICLE TITLE / REGISTRATION OFFENSE,PARKING LOT / GARAGE (NON RESIDENTIAL),true,false,611,6,21,71,26,1167051.0,1852166.0,2021,2021-08-17 04:47:29.000000 UTC,41.749899475,-87.663426378,"(41.749899475, -87.663426378)"
12305234,JE156960,2021-03-02 01:40:00.000000 UTC,069XX S ASHLAND AVE,502R,OTHER OFFENSE,VEHICLE TITLE / REGISTRATION OFFENSE,STREET,true,false,735,7,17,67,26,1166878.0,1858728.0,2021,2021-03-09 03:54:03.000000 UTC,41.767910191,-87.663873198,"(41.767910191, -87.663873198)"
12315132,JE168834,2021-03-14 02:11:00.000000 UTC,001XX E 119TH ST,502R,OTHER OFFENSE,VEHICLE TITLE / REGISTRATION OFFENSE,STREET,true,false,532,5,9,53,26,1179162.0,1826088.0,2021,2021-03-21 04:49:58.000000 UTC,41.67807067,-87.619838547,"(41.67807067, -87.619838547)"
12276267,JE120647,2021-01-22 10:53:00.000000 UTC,021XX S STATE ST,502R,OTHER OFFENSE,VEHICLE TITLE / REGISTRATION OFFENSE,STREET,true,false,131,1,3,33,26,1176653.0,1889996.0,2021,2021-01-29 03:46:26.000000 UTC,41.853498046,-87.627101644,"(41.853498046, -87.627101644)"
12321437,JE176321,2021-03-22 02:12:00.000000 UTC,098XX S PARNELL AVE,502R,OTHER OFFENSE,VEHICLE TITLE / REGISTRATION OFFENSE,STREET,true,false,2223,22,34,73,26,1174368.0,1839546.0,2021,2021-03-29 04:53:03.000000 UTC,41.715109051,-87.636987937,"(41.715109051, -87.636987937)"
12426382,JE305032,2021-07-17 09:54:00.000000 UTC,007XX W 63RD ST,502R,OTHER OFFENSE,VEHICLE TITLE / REGISTRATION OFFENSE,ALLEY,true,false,711,7,16,68,26,1172535.0,1863097.0,2021,2021-07-24 05:01:57.000000 UTC,41.779776542,-87.643009194,"(41.779776542, -87.643009194)"
12336519,JE195021,2021-04-10 02:03:00.000000 UTC,020XX W 87TH ST,502R,OTHER OFFENSE,VEHICLE TITLE / REGISTRATION OFFENSE,STREET,true,false,614,6,21,70,26,1164308.0,1846954.0,2021,2021-04-17 05:31:27.000000 UTC,41.735655134,-87.673624364,"(41.735655134, -87.673624364)"
12418538,JE295481,2021-07-09 09:58:00.000000 UTC,015XX N KEDZIE AVE,502R,OTHER OFFENSE,VEHICLE TITLE / REGISTRATION OFFENSE,STREET,true,false,1422,14,26,23,26,1154737.0,1910211.0,2021,2021-07-16 04:50:58.000000 UTC,41.909436507,-87.706999769,"(41.909436507, -87.706999769)"
12269248,JE112333,2021-01-14 08:20:00.000000 UTC,0000X E 47TH ST,502R,OTHER OFFENSE,VEHICLE TITLE / REGISTRATION OFFENSE,STREET,true,false,215,2,3,38,26,1177223.0,1873874.0,2021,2021-01-21 03:51:43.000000 UTC,41.809245117,-87.625497139,"(41.809245117, -87.625497139)"
12558236,JE466152,2021-12-04 04:03:00.000000 UTC,004XX N CENTRAL AVE,502R,OTHER OFFENSE,VEHICLE TITLE / REGISTRATION OFFENSE,STREET,true,false,1523,15,37,25,26,1138962.0,1902397.0,2021,2021-12-11 03:50:50.000000 UTC,41.888295413,-87.765141039,"(41.888295413, -87.765141039)"
12435655,JE316338,2021-07-27 04:38:00.000000 UTC,083XX S LAFAYETTE AVE,502R,OTHER OFFENSE,VEHICLE TITLE / REGISTRATION OFFENSE,STREET,true,false,622,6,21,44,26,1177389.0,1849800.0,2021,2021-08-03 04:47:34.000000 UTC,41.743179765,-87.625614948,"(41.743179765, -87.625614948)"
12486608,JE378816,2021-09-18 07:16:00.000000 UTC,083XX S HALSTED ST,502R,OTHER OFFENSE,VEHICLE TITLE / REGISTRATION OFFENSE,STREET,true,false,622,6,21,71,26,1172425.0,1849576.0,2021,2021-09-25 04:50:30.000000 UTC,41.74267567,-87.643809802,"(41.74267567, -87.643809802)"
12514926,JE413273,2021-10-17 11:42:00.000000 UTC,034XX W DIVERSEY AVE,502R,OTHER OFFENSE,VEHICLE TITLE / REGISTRATION OFFENSE,PARKING LOT / GARAGE (NON RESIDENTIAL),true,false,1412,14,35,21,26,1153022.0,1918407.0,2021,2021-10-24 04:46:46.000000 UTC,41.931961222,-87.713082193,"(41.931961222, -87.713082193)"
12523445,JE423630,2021-10-26 09:22:00.000000 UTC,013XX N KEDZIE AVE,502R,OTHER OFFENSE,VEHICLE TITLE / REGISTRATION OFFENSE,STREET,true,false,1422,14,26,23,26,1154783.0,1908720.0,2021,2021-11-02 04:52:53.000000 UTC,41.905344149,-87.706870787,"(41.905344149, -87.706870787)"
12471424,JE360174,2021-09-03 12:31:00.000000 UTC,062XX S ASHLAND AVE,502R,OTHER OFFENSE,VEHICLE TITLE / REGISTRATION OFFENSE,STREET,true,false,713,7,16,67,26,1166739.0,1863376.0,2021,2021-09-10 04:48:20.000000 UTC,41.780667871,-87.664250148,"(41.780667871, -87.664250148)"
12511028,JE408208,2021-10-13 11:38:00.000000 UTC,021XX N WESTERN AVE,502R,OTHER OFFENSE,VEHICLE TITLE / REGISTRATION OFFENSE,STREET,true,false,1432,14,32,22,26,1160008.0,1914437.0,2021,2021-10-20 04:52:00.000000 UTC,41.920925715,-87.687519487,"(41.920925715, -87.687519487)"
12271828,JE115489,2021-01-17 01:06:00.000000 UTC,009XX W 71ST ST,502R,OTHER OFFENSE,VEHICLE TITLE / REGISTRATION OFFENSE,STREET,true,false,733,7,6,68,26,1171065.0,1857751.0,2021,2021-01-24 03:47:22.000000 UTC,41.765138728,-87.648554452,"(41.765138728, -87.648554452)"
12465227,JE352616,2021-08-28 01:19:00.000000 UTC,035XX N OCTAVIA AVE,502R,OTHER OFFENSE,VEHICLE TITLE / REGISTRATION OFFENSE,STREET,true,false,1631,16,38,17,26,1126787.0,1922761.0,2021,2021-09-04 04:50:52.000000 UTC,41.944389467,-87.809395959,"(41.944389467, -87.809395959)"
12389866,JE260108,2021-06-09 08:27:00.000000 UTC,015XX N ROCKWELL ST,502R,OTHER OFFENSE,VEHICLE TITLE / REGISTRATION OFFENSE,STREET,true,false,1423,14,1,24,26,1158798.0,1910045.0,2021,2021-06-16 05:12:41.000000 UTC,41.908898648,-87.692085955,"(41.908898648, -87.692085955)"
12347649,JE208241,2021-04-23 09:03:00.000000 UTC,012XX E 79TH ST,502R,OTHER OFFENSE,VEHICLE TITLE / REGISTRATION OFFENSE,STREET,true,false,411,4,8,45,26,1185668.0,1852862.0,2021,2021-04-30 04:49:54.000000 UTC,41.751391355,-87.595184375,"(41.751391355, -87.595184375)"
12494623,JE388497,2021-09-26 11:57:00.000000 UTC,049XX W NORTH AVE,502R,OTHER OFFENSE,VEHICLE TITLE / REGISTRATION OFFENSE,SIDEWALK,true,false,2533,25,37,25,26,1143068.0,1910180.0,2021,2021-10-03 04:52:04.000000 UTC,41.909577258,-87.749867783,"(41.909577258, -87.749867783)"
12269396,JE112570,2021-01-14 01:35:00.000000 UTC,108XX S MICHIGAN AVE,502R,OTHER OFFENSE,VEHICLE TITLE / REGISTRATION OFFENSE,STREET,true,false,513,5,9,49,26,1178829.0,1833056.0,2021,2021-01-21 03:51:43.000000 UTC,41.697199437,-87.62084649,"(41.697199437, -87.62084649)"
12533304,JE435918,2021-11-06 11:27:00.000000 UTC,038XX W MADISON ST,502R,OTHER OFFENSE,VEHICLE TITLE / REGISTRATION OFFENSE,VEHICLE NON-COMMERCIAL,true,false,1122,11,28,26,26,1150828.0,1899739.0,2021,2021-11-13 03:47:30.000000 UTC,41.880777702,-87.721634087,"(41.880777702, -87.721634087)"
12533742,JE436435,2021-11-06 05:59:00.000000 UTC,079XX S SOUTH SHORE DR,502R,OTHER OFFENSE,VEHICLE TITLE / REGISTRATION OFFENSE,STREET,true,false,422,4,7,46,26,1198530.0,1853026.0,2021,2021-11-13 03:47:30.000000 UTC,41.751528912,-87.548046864,"(41.751528912, -87.548046864)"
12555555,JE462851,2021-12-01 06:32:00.000000 UTC,111XX S ASHLAND AVE,502R,OTHER OFFENSE,VEHICLE TITLE / REGISTRATION OFFENSE,ALLEY,true,false,2234,22,34,75,26,1167550.0,1830878.0,2021,2021-12-08 03:50:46.000000 UTC,41.69147126,-87.662205948,"(41.69147126, -87.662205948)"
12262430,JE104638,2021-01-06 01:33:00.000000 UTC,059XX W 55TH ST,502R,OTHER OFFENSE,VEHICLE TITLE / REGISTRATION OFFENSE,VEHICLE NON-COMMERCIAL,true,false,811,8,23,56,26,1137520.0,1867499.0,2021,2021-01-16 03:49:23.000000 UTC,41.792556064,-87.771275317,"(41.792556064, -87.771275317)"
12349100,JE210008,2021-04-25 08:12:00.000000 UTC,085XX S ASHLAND AVE,502R,OTHER OFFENSE,VEHICLE TITLE / REGISTRATION OFFENSE,ALLEY,true,false,614,6,21,71,26,1167164.0,1847991.0,2021,2021-05-02 05:01:17.000000 UTC,41.738440263,-87.663131452,"(41.738440263, -87.663131452)"
12343573,JE203367,2021-04-18 09:54:00.000000 UTC,008XX W 79TH ST,502R,OTHER OFFENSE,VEHICLE TITLE / REGISTRATION OFFENSE,STREET,true,false,621,6,17,71,26,1171876.0,1852466.0,2021,2021-04-25 04:52:22.000000 UTC,41.750618264,-87.645736728,"(41.750618264, -87.645736728)"
12454772,JE339878,2021-08-16 08:25:00.000000 UTC,066XX S STATE ST,502R,OTHER OFFENSE,VEHICLE TITLE / REGISTRATION OFFENSE,STREET,true,false,322,3,20,69,26,1177426.0,1860849.0,2021,2021-08-23 05:04:44.000000 UTC,41.773498648,-87.625146108,"(41.773498648, -87.625146108)"
12549647,JE455539,2021-11-24 09:49:00.000000 UTC,005XX W GRENSHAW ST,502R,OTHER OFFENSE,VEHICLE TITLE / REGISTRATION OFFENSE,STREET,true,false,124,1,25,28,26,1172722.0,1895316.0,2021,2021-12-01 03:51:55.000000 UTC,41.868184336,-87.641372316,"(41.868184336, -87.641372316)"
12283319,JE129274,2021-02-01 01:42:00.000000 UTC,033XX W BELMONT AVE,502R,OTHER OFFENSE,VEHICLE TITLE / REGISTRATION OFFENSE,STREET,true,false,1733,17,35,21,26,1153744.0,1921087.0,2021,2021-02-08 03:48:15.000000 UTC,41.939300984,-87.710357367,"(41.939300984, -87.710357367)"
12356243,JE218848,2021-05-03 09:27:00.000000 UTC,072XX S WENTWORTH AVE,502R,OTHER OFFENSE,VEHICLE TITLE / REGISTRATION OFFENSE,STREET,true,false,731,7,6,69,26,1176214.0,1856887.0,2021,2021-05-10 04:53:33.000000 UTC,41.762653777,-87.629707816,"(41.762653777, -87.629707816)"
12382870,JE251484,2021-06-02 04:25:00.000000 UTC,056XX W CORNELIA AVE,502R,OTHER OFFENSE,VEHICLE TITLE / REGISTRATION OFFENSE,STREET,true,false,1633,16,36,15,26,1138158.0,1922706.0,2021,2021-06-09 04:50:00.000000 UTC,41.944040207,-87.767601677,"(41.944040207, -87.767601677)"
12398616,JE271139,2021-06-18 08:39:00.000000 UTC,079XX S DR MARTIN LUTHER KING JR DR,502R,OTHER OFFENSE,VEHICLE TITLE / REGISTRATION OFFENSE,GAS STATION,true,false,623,6,6,44,26,1180275.0,1852549.0,2021,2021-06-25 05:13:38.000000 UTC,41.750657714,-87.614956494,"(41.750657714, -87.614956494)"
12548287,JE454090,2021-11-22 08:44:00.000000 UTC,065XX S MARSHFIELD AVE,502R,OTHER OFFENSE,VEHICLE TITLE / REGISTRATION OFFENSE,STREET,true,false,725,7,15,67,26,1166453.0,1861244.0,2021,2021-11-29 03:51:01.000000 UTC,41.774823492,-87.665359393,"(41.774823492, -87.665359393)"
12533493,JE436163,2021-11-06 03:13:00.000000 UTC,024XX W 70TH ST,5111,OTHER OFFENSE,GUN OFFENDER - ANNUAL REGISTRATION,STREET,true,false,832,8,17,66,26,1161382.0,1858174.0,2021,2021-11-13 03:47:30.000000 UTC,41.766505558,-87.684033968,"(41.766505558, -87.684033968)"
12383686,JE252506,2021-06-03 02:27:00.000000 UTC,041XX W MADISON ST,5111,OTHER OFFENSE,GUN OFFENDER - ANNUAL REGISTRATION,STREET,true,false,1115,11,28,26,26,1148834.0,1899692.0,2021,2021-06-10 04:53:51.000000 UTC,41.880687495,-87.728957172,"(41.880687495, -87.728957172)"
12556710,JE464273,2021-12-03 01:09:00.000000 UTC,033XX S UNION AVE,5111,OTHER OFFENSE,GUN OFFENDER - ANNUAL REGISTRATION,STREET,true,false,915,9,11,60,26,1172178.0,1882737.0,2021,2021-12-10 03:51:06.000000 UTC,41.833678562,-87.643740279,"(41.833678562, -87.643740279)"
12453603,JE338553,2021-08-15 06:15:00.000000 UTC,052XX S LAFLIN ST,5111,OTHER OFFENSE,GUN OFFENDER - ANNUAL REGISTRATION,SIDEWALK,true,false,934,9,20,61,26,1167223.0,1870074.0,2021,2021-09-01 04:45:36.000000 UTC,41.799037642,-87.662284046,"(41.799037642, -87.662284046)"
12366842,JE231908,2021-05-16 12:30:00.000000 UTC,113XX S THROOP ST,5111,OTHER OFFENSE,GUN OFFENDER - ANNUAL REGISTRATION,RESIDENCE - PORCH / HALLWAY,true,false,2234,22,34,75,26,1169700.0,1829319.0,2021,2021-05-23 05:26:01.000000 UTC,41.687146871,-87.654379538,"(41.687146871, -87.654379538)"
12352567,JE214397,2021-04-29 07:59:00.000000 UTC,065XX S WESTERN AVE,5111,OTHER OFFENSE,GUN OFFENDER - ANNUAL REGISTRATION,STREET,true,false,832,8,16,66,26,1161495.0,1861323.0,2021,2021-05-06 04:50:35.000000 UTC,41.775144517,-87.683532573,"(41.775144517, -87.683532573)"
12265547,JE108302,2021-01-09 08:20:00.000000 UTC,002XX W 103RD ST,5111,OTHER OFFENSE,GUN OFFENDER - ANNUAL REGISTRATION,PARKING LOT / GARAGE (NON RESIDENTIAL),true,false,511,5,9,49,26,1176618.0,1836644.0,2021,2021-01-16 03:52:53.000000 UTC,41.707095328,-87.628834415,"(41.707095328, -87.628834415)"
12467001,JE354770,2021-08-29 11:56:00.000000 UTC,031XX W 66TH ST,5111,OTHER OFFENSE,GUN OFFENDER - ANNUAL REGISTRATION,STREET,true,false,831,8,17,66,26,1156376.0,1860689.0,2021,2021-09-09 04:46:13.000000 UTC,41.773509334,-87.702315362,"(41.773509334, -87.702315362)"
12342841,JE202544,2021-04-17 10:46:00.000000 UTC,077XX S ASHLAND AVE,5111,OTHER OFFENSE,GUN OFFENDER - ANNUAL REGISTRATION,STREET,true,false,611,6,17,71,26,1167016.0,1853492.0,2021,2021-04-24 05:01:22.000000 UTC,41.753538951,-87.663516805,"(41.753538951, -87.663516805)"
12380367,JE248481,2021-05-31 12:40:00.000000 UTC,030XX W NORTH AVE,5111,OTHER OFFENSE,GUN OFFENDER - ANNUAL REGISTRATION,STREET,true,false,1423,14,26,24,26,1155913.0,1910488.0,2021,2021-06-07 04:58:19.000000 UTC,41.910172973,-87.702672161,"(41.910172973, -87.702672161)"
12378900,JE246633,2021-05-29 10:05:00.000000 UTC,039XX S WENTWORTH AVE,5111,OTHER OFFENSE,GUN OFFENDER - ANNUAL REGISTRATION,STREET,true,false,925,9,3,37,26,1175585.0,1878784.0,2021,2021-06-05 04:52:48.000000 UTC,41.822755464,-87.631357865,"(41.822755464, -87.631357865)"
12319294,JE173904,2021-03-19 10:38:00.000000 UTC,099XX S PARNELL AVE,5111,OTHER OFFENSE,GUN OFFENDER - ANNUAL REGISTRATION,ALLEY,true,false,2232,22,9,73,26,1174388.0,1838909.0,2021,2021-03-26 05:00:56.000000 UTC,41.713360588,-87.636933557,"(41.713360588, -87.636933557)"
12302297,JE153439,2021-02-26 08:11:00.000000 UTC,059XX W DIVISION ST,5111,OTHER OFFENSE,GUN OFFENDER - ANNUAL REGISTRATION,STREET,true,false,1511,15,29,25,26,1136660.0,1907385.0,2021,2021-03-05 03:49:32.000000 UTC,41.902024637,-87.773475398,"(41.902024637, -87.773475398)"
12486710,JE378957,2021-09-18 09:12:00.000000 UTC,052XX S ASHLAND AVE,5111,OTHER OFFENSE,GUN OFFENDER - ANNUAL REGISTRATION,STREET,true,false,932,9,16,61,26,1166561.0,1870015.0,2021,2021-09-25 04:50:30.000000 UTC,41.798889895,-87.66471344,"(41.798889895, -87.66471344)"
12360962,JE224715,2021-05-09 02:13:00.000000 UTC,105XX S WALDEN PKWY,5111,OTHER OFFENSE,GUN OFFENDER - ANNUAL REGISTRATION,APARTMENT,true,false,2212,22,19,72,26,1165484.0,1834768.0,2021,2021-05-16 05:01:23.000000 UTC,41.702190001,-87.669660089,"(41.702190001, -87.669660089)"
12291605,JE139840,2021-02-12 01:42:00.000000 UTC,110XX S RACINE AVE,5111,OTHER OFFENSE,GUN OFFENDER - ANNUAL REGISTRATION,STREET,true,false,2234,22,34,75,26,1170287.0,1831761.0,2021,2021-02-19 03:48:53.000000 UTC,41.6938354,-87.652159917,"(41.6938354, -87.652159917)"
12349244,JE210180,2021-04-26 12:56:00.000000 UTC,051XX W MADISON ST,5111,OTHER OFFENSE,GUN OFFENDER - ANNUAL REGISTRATION,ALLEY,true,false,1533,15,28,25,26,1142270.0,1899541.0,2021,2021-05-03 04:48:50.000000 UTC,41.880397449,-87.753063657,"(41.880397449, -87.753063657)"
12378926,JE246654,2021-05-29 10:29:00.000000 UTC,014XX N LOTUS AVE,5111,OTHER OFFENSE,GUN OFFENDER - ANNUAL REGISTRATION,STREET,true,false,2532,25,37,25,26,1139749.0,1909088.0,2021,2021-06-05 04:52:48.000000 UTC,41.906641989,-87.762087249,"(41.906641989, -87.762087249)"
12574601,JE485755,2021-12-22 11:18:00.000000 UTC,004XX N LAWLER AVE,5111,OTHER OFFENSE,GUN OFFENDER - ANNUAL REGISTRATION,RESIDENCE,true,false,1532,15,37,25,26,1142625.0,1902442.0,2021,2021-12-29 03:55:46.000000 UTC,41.888351553,-87.751687917,"(41.888351553, -87.751687917)"
12283779,JE129811,2021-02-01 11:39:00.000000 UTC,058XX S CALIFORNIA AVE,5111,OTHER OFFENSE,GUN OFFENDER - ANNUAL REGISTRATION,STREET,true,false,824,8,16,63,26,1158710.0,1865749.0,2021,2021-02-08 03:48:15.000000 UTC,41.787347381,-87.693621381,"(41.787347381, -87.693621381)"
12572881,JE483768,2021-12-20 01:36:00.000000 UTC,033XX W MARQUETTE RD,5111,OTHER OFFENSE,GUN OFFENDER - ANNUAL REGISTRATION,STREET,true,false,831,8,17,66,26,1155244.0,1859992.0,2021,2021-12-29 03:52:36.000000 UTC,41.771619376,-87.706483683,"(41.771619376, -87.706483683)"
12380517,JE248587,2021-05-31 06:08:00.000000 UTC,013XX W MARQUETTE RD,5111,OTHER OFFENSE,GUN OFFENDER - ANNUAL REGISTRATION,STREET,true,false,724,7,17,67,26,1168729.0,1860340.0,2021,2021-06-07 04:58:19.000000 UTC,41.772293989,-87.657041972,"(41.772293989, -87.657041972)"
12275504,JE119712,2021-01-22 03:25:00.000000 UTC,001XX E 43RD ST,5111,OTHER OFFENSE,GUN OFFENDER - ANNUAL REGISTRATION,STREET,true,false,213,2,3,38,26,1177984.0,1876541.0,2021,2021-01-29 03:46:26.000000 UTC,41.816546363,-87.622625054,"(41.816546363, -87.622625054)"
12572826,JE483759,2021-12-20 02:00:00.000000 UTC,034XX W 63RD ST,5111,OTHER OFFENSE,GUN OFFENDER - ANNUAL REGISTRATION,POLICE FACILITY / VEHICLE PARKING LOT,true,false,823,8,23,66,26,1154582.0,1862632.0,2021,2021-12-29 03:52:36.000000 UTC,41.778877155,-87.708840106,"(41.778877155, -87.708840106)"
12417841,JE294807,2021-07-08 04:05:00.000000 UTC,084XX S KINGSTON AVE,5111,OTHER OFFENSE,GUN OFFENDER - ANNUAL REGISTRATION,STREET,true,false,423,4,7,46,26,1194635.0,1849504.0,2021,2021-07-15 04:47:48.000000 UTC,41.741960927,-87.562435508,"(41.741960927, -87.562435508)"
12322602,JE177877,2021-03-23 10:09:00.000000 UTC,111XX S WENTWORTH AVE,5111,OTHER OFFENSE,GUN OFFENDER - ANNUAL REGISTRATION,STREET,true,false,522,5,34,49,26,1176918.0,1831191.0,2021,2021-03-30 04:51:43.000000 UTC,41.692124771,-87.627899381,"(41.692124771, -87.627899381)"
12379354,JE247241,2021-05-29 08:33:00.000000 UTC,040XX W ARTHINGTON ST,5111,OTHER OFFENSE,GUN OFFENDER - ANNUAL REGISTRATION,STREET,true,false,1132,11,24,26,26,1149490.0,1895805.0,2021,2021-06-05 04:52:48.000000 UTC,41.870008422,-87.726649261,"(41.870008422, -87.726649261)"
12572007,JE482670,2021-12-19 12:25:00.000000 UTC,018XX W 108TH PL,5111,OTHER OFFENSE,GUN OFFENDER - ANNUAL REGISTRATION,RESIDENCE - PORCH / HALLWAY,true,false,2212,22,19,75,26,1165915.0,1832689.0,2021,2021-12-26 03:50:17.000000 UTC,41.696475752,-87.668140679,"(41.696475752, -87.668140679)"
12572125,JE482859,2021-12-19 03:44:00.000000 UTC,070XX S EMERALD AVE,5111,OTHER OFFENSE,GUN OFFENDER - ANNUAL REGISTRATION,RESIDENCE - PORCH / HALLWAY,true,false,732,7,6,68,26,1172523.0,1858221.0,2021,2021-12-29 03:52:36.000000 UTC,41.766396489,-87.643196637,"(41.766396489, -87.643196637)"
12414144,JE290102,2021-07-04 05:50:00.000000 UTC,130XX S DANIEL DR,5111,OTHER OFFENSE,GUN OFFENDER - ANNUAL REGISTRATION,VEHICLE NON-COMMERCIAL,true,false,533,5,9,54,26,1180316.0,1818904.0,2021,2021-07-11 05:01:53.000000 UTC,41.658330383,-87.615833465,"(41.658330383, -87.615833465)"
12372688,JE239000,2021-05-22 05:00:00.000000 UTC,019XX W 51ST ST,5111,OTHER OFFENSE,GUN OFFENDER - ANNUAL REGISTRATION,ALLEY,true,false,931,9,15,61,26,1164112.0,1870853.0,2021,2021-05-29 05:00:24.000000 UTC,41.801241392,-87.673670908,"(41.801241392, -87.673670908)"
12321636,JE176794,2021-03-22 08:38:00.000000 UTC,013XX S MORGAN ST,5111,OTHER OFFENSE,GUN OFFENDER - ANNUAL REGISTRATION,STREET,true,false,1232,12,25,28,26,1170114.0,1894112.0,2021,2021-03-29 04:53:03.000000 UTC,41.864937755,-87.650981869,"(41.864937755, -87.650981869)"
12508570,JE405400,2021-10-10 09:35:00.000000 UTC,019XX W MARQUETTE RD,5111,OTHER OFFENSE,GUN OFFENDER - ANNUAL REGISTRATION,STREET,true,false,726,7,16,67,26,1164366.0,1860230.0,2021,2021-10-18 04:59:53.000000 UTC,41.772085168,-87.673038585,"(41.772085168, -87.673038585)"
12575722,JE487262,2021-12-23 08:05:00.000000 UTC,014XX W 63RD ST,5111,OTHER OFFENSE,GUN OFFENDER - ANNUAL REGISTRATION,POLICE FACILITY / VEHICLE PARKING LOT,true,false,713,7,16,67,26,1167639.0,1862965.0,2021,2021-12-30 03:53:33.000000 UTC,41.779520772,-87.660962362,"(41.779520772, -87.660962362)"
12308954,JE161442,2021-03-06 11:06:00.000000 UTC,053XX W FULLERTON AVE,5111,OTHER OFFENSE,GUN OFFENDER - ANNUAL REGISTRATION,STREET,true,false,2515,25,30,19,26,1140166.0,1915435.0,2021,2021-03-13 03:51:08.000000 UTC,41.924051234,-87.760399665,"(41.924051234, -87.760399665)"
12402666,JE276112,2021-06-22 08:07:00.000000 UTC,012XX W 63RD ST,5111,OTHER OFFENSE,GUN OFFENDER - ANNUAL REGISTRATION,CTA BUS STOP,true,false,724,7,16,67,26,1169316.0,1863009.0,2021,2021-06-29 05:51:07.000000 UTC,41.779605366,-87.654813009,"(41.779605366, -87.654813009)"
12374764,JE241698,2021-05-24 09:30:00.000000 UTC,044XX W PALMER ST,5111,OTHER OFFENSE,GUN OFFENDER - ANNUAL REGISTRATION,STREET,true,false,2522,25,36,20,26,1146548.0,1914257.0,2021,2021-05-31 05:07:37.000000 UTC,41.920699284,-87.736979479,"(41.920699284, -87.736979479)"
12381236,JE249506,2021-06-01 12:18:00.000000 UTC,055XX W NORTH AVE,5111,OTHER OFFENSE,GUN OFFENDER - ANNUAL REGISTRATION,STREET,true,false,2532,25,37,25,26,1139103.0,1910086.0,2021,2021-06-08 04:51:25.000000 UTC,41.909392399,-87.764435988,"(41.909392399, -87.764435988)"
12356066,JE218726,2021-05-03 06:00:00.000000 UTC,064XX S COTTAGE GROVE AVE,5111,OTHER OFFENSE,GUN OFFENDER - ANNUAL REGISTRATION,STREET,true,false,312,3,20,42,26,1182667.0,1862584.0,2021,2021-05-10 04:53:33.000000 UTC,41.778139616,-87.605880167,"(41.778139616, -87.605880167)"
12503815,JE399558,2021-10-05 10:28:00.000000 UTC,058XX S KEDZIE AVE,5111,OTHER OFFENSE,GUN OFFENDER - ANNUAL REGISTRATION,STREET,true,false,824,8,14,63,26,1156051.0,1865683.0,2021,2021-10-12 04:53:03.000000 UTC,41.787220144,-87.703372633,"(41.787220144, -87.703372633)"
12374555,JE241372,2021-05-24 04:26:00.000000 UTC,058XX S CALUMET AVE,5111,OTHER OFFENSE,GUN OFFENDER - ANNUAL REGISTRATION,STREET,true,false,232,2,20,40,26,1179478.0,1866467.0,2021,2021-05-31 05:07:37.000000 UTC,41.78886838,-87.617452543,"(41.78886838, -87.617452543)"
12289335,JE136969,2021-02-09 02:03:00.000000 UTC,005XX S KEELER AVE,5111,OTHER OFFENSE,GUN OFFENDER - ANNUAL REGISTRATION,STREET,true,false,1132,11,28,26,26,1148474.0,1897295.0,2021,2021-02-16 03:52:33.000000 UTC,41.874116801,-87.73034091,"(41.874116801, -87.73034091)"
12536460,JE439864,2021-11-09 07:27:00.000000 UTC,003XX W 63RD ST,5111,OTHER OFFENSE,GUN OFFENDER - ANNUAL REGISTRATION,STREET,true,false,722,7,20,68,26,1175036.0,1863173.0,2021,2021-11-16 03:53:48.000000 UTC,41.779929633,-87.633837969,"(41.779929633, -87.633837969)"
12575437,JE486811,2021-12-23 12:08:00.000000 UTC,039XX W 68TH PL,5111,OTHER OFFENSE,GUN OFFENDER - ANNUAL REGISTRATION,RESIDENCE,true,false,833,8,13,65,26,1151246.0,1858886.0,2021,2021-12-30 03:53:33.000000 UTC,41.768663362,-87.721168056,"(41.768663362, -87.721168056)"
12536319,JE439699,2021-11-09 03:52:00.000000 UTC,080XX S HALSTED ST,5111,OTHER OFFENSE,GUN OFFENDER - ANNUAL REGISTRATION,STREET,true,false,621,6,21,71,26,1172365.0,1851594.0,2021,2021-11-16 03:53:48.000000 UTC,41.748214646,-87.643970407,"(41.748214646, -87.643970407)"
12357813,JE220775,2021-05-05 05:05:00.000000 UTC,011XX S INDEPENDENCE BLVD,5111,OTHER OFFENSE,GUN OFFENDER - ANNUAL REGISTRATION,STREET,true,false,1133,11,24,29,26,1151434.0,1894657.0,2021,2021-05-12 04:59:22.000000 UTC,41.866820255,-87.71954233,"(41.866820255, -87.71954233)"
12314731,JE168379,2021-03-13 11:47:00.000000 UTC,023XX N CENTRAL PARK AVE,5111,OTHER OFFENSE,GUN OFFENDER - ANNUAL REGISTRATION,STREET,true,false,1413,14,35,22,26,1151983.0,1915503.0,2021,2021-03-20 04:52:03.000000 UTC,41.924012965,-87.716977103,"(41.924012965, -87.716977103)"
12363137,JE227273,2021-05-11 07:37:00.000000 UTC,036XX W 15TH ST,5111,OTHER OFFENSE,GUN OFFENDER - ANNUAL REGISTRATION,STREET,true,false,1014,10,24,29,26,1152486.0,1892469.0,2021,2021-05-18 05:27:50.000000 UTC,41.860795429,-87.715738069,"(41.860795429, -87.715738069)"
12321729,JE176901,2021-03-23 12:03:00.000000 UTC,008XX E 87TH PL,5111,OTHER OFFENSE,GUN OFFENDER - ANNUAL REGISTRATION,ALLEY,true,false,632,6,8,44,26,1183391.0,1847143.0,2021,2021-03-30 04:51:43.000000 UTC,41.735751103,-87.603706077,"(41.735751103, -87.603706077)"
12360976,JE224718,2021-05-09 01:44:00.000000 UTC,021XX N KENNETH AVE,5111,OTHER OFFENSE,GUN OFFENDER - ANNUAL REGISTRATION,RESIDENCE,true,false,2522,25,36,20,26,1146374.0,1913779.0,2021,2021-05-16 05:01:23.000000 UTC,41.919390923,-87.737630997,"(41.919390923, -87.737630997)"
12329654,JE186478,2021-04-01 04:32:00.000000 UTC,002XX N LEAMINGTON AVE,5111,OTHER OFFENSE,GUN OFFENDER - ANNUAL REGISTRATION,VACANT LOT / LAND,true,false,1532,15,28,25,26,1142000.0,1901164.0,2021,2021-04-08 05:05:01.000000 UTC,41.884856167,-87.754014853,"(41.884856167, -87.754014853)"
12330761,JE187809,2021-04-03 12:29:00.000000 UTC,069XX S CLAREMONT AVE,5111,OTHER OFFENSE,GUN OFFENDER - ANNUAL REGISTRATION,ALLEY,true,false,832,8,17,66,26,1161934.0,1858523.0,2021,2021-04-10 05:05:58.000000 UTC,41.767451811,-87.682000983,"(41.767451811, -87.682000983)"
12557880,JE465652,2021-12-04 07:49:00.000000 UTC,077XX S COLFAX AVE,5111,OTHER OFFENSE,GUN OFFENDER - ANNUAL REGISTRATION,SIDEWALK,true,false,421,4,7,43,26,1194865.0,1854118.0,2021,2021-12-11 03:50:50.000000 UTC,41.754616453,-87.561441152,"(41.754616453, -87.561441152)"
12287248,JE134166,2021-02-06 11:30:00.000000 UTC,080XX S BURNHAM AVE,5111,OTHER OFFENSE,GUN OFFENDER - ANNUAL REGISTRATION,VEHICLE NON-COMMERCIAL,true,false,422,4,7,46,26,1196235.0,1852156.0,2021,2021-02-13 03:48:24.000000 UTC,41.749198739,-87.556485543,"(41.749198739, -87.556485543)"
12313938,JE167356,2021-03-12 08:42:00.000000 UTC,008XX N MONTICELLO AVE,5111,OTHER OFFENSE,GUN OFFENDER - ANNUAL REGISTRATION,STREET,true,false,1112,11,27,23,26,1151901.0,1905259.0,2021,2021-03-19 04:51:13.000000 UTC,41.895904097,-87.717548636,"(41.895904097, -87.717548636)"
12398525,JE271070,2021-06-18 06:48:00.000000 UTC,047XX W DIVISION ST,5111,OTHER OFFENSE,GUN OFFENDER - ANNUAL REGISTRATION,STREET,true,false,2533,25,37,25,26,1144582.0,1907569.0,2021,2021-06-25 05:13:38.000000 UTC,41.902383996,-87.744371789,"(41.902383996, -87.744371789)"
12407144,JE281733,2021-06-27 08:35:00.000000 UTC,066XX S ARTESIAN AVE,5111,OTHER OFFENSE,GUN OFFENDER - ANNUAL REGISTRATION,STREET,true,false,832,8,16,66,26,1161185.0,1860522.0,2021,2021-07-04 04:52:17.000000 UTC,41.772952883,-87.684691146,"(41.772952883, -87.684691146)"
12369098,JE234583,2021-05-18 06:12:00.000000 UTC,008XX E 79TH ST,5111,OTHER OFFENSE,GUN OFFENDER - ANNUAL REGISTRATION,STREET,true,false,624,6,8,44,26,1183065.0,1852804.0,2021,2021-05-25 04:53:01.000000 UTC,41.751293082,-87.604724801,"(41.751293082, -87.604724801)"
12410297,JE285385,2021-06-30 09:27:00.000000 UTC,047XX S LAFLIN ST,5111,OTHER OFFENSE,GUN OFFENDER - ANNUAL REGISTRATION,STREET,true,false,933,9,20,61,26,1167133.0,1873405.0,2021,2021-07-07 04:55:24.000000 UTC,41.808180214,-87.66251876,"(41.808180214, -87.66251876)"
12319750,JE174567,2021-03-20 04:58:00.000000 UTC,025XX E 87TH ST,5111,OTHER OFFENSE,GUN OFFENDER - ANNUAL REGISTRATION,STREET,true,false,423,4,7,46,26,1194577.0,1847783.0,2021,2021-03-27 04:58:28.000000 UTC,41.737239783,-87.56270448,"(41.737239783, -87.56270448)"
12522395,JE422451,2021-10-25 07:50:00.000000 UTC,001XX E 47TH ST,5111,OTHER OFFENSE,GUN OFFENDER - ANNUAL REGISTRATION,STREET,true,false,215,2,3,38,26,1178109.0,1873900.0,2021,2021-11-02 04:50:46.000000 UTC,41.809296393,-87.622246692,"(41.809296393, -87.622246692)"
12482696,JE373885,2021-09-14 09:07:00.000000 UTC,070XX S HALSTED ST,5111,OTHER OFFENSE,GUN OFFENDER - ANNUAL REGISTRATION,STREET,true,false,733,7,6,68,26,1172186.0,1858083.0,2021,2021-09-21 04:49:15.000000 UTC,41.766025213,-87.644435915,"(41.766025213, -87.644435915)"
12368862,JE233888,2021-05-18 07:33:00.000000 UTC,053XX W MADISON ST,5111,OTHER OFFENSE,GUN OFFENDER - ANNUAL REGISTRATION,APARTMENT,true,false,1522,15,29,25,26,1140605.0,1899502.0,2021,2021-05-25 04:53:01.000000 UTC,41.880321157,-87.75917841,"(41.880321157, -87.75917841)"
12572747,JE483667,2021-12-20 12:26:00.000000 UTC,070XX S BELL AVE,5111,OTHER OFFENSE,GUN OFFENDER - ANNUAL REGISTRATION,RESIDENCE - PORCH / HALLWAY,true,false,832,8,17,66,26,1162613.0,1857977.0,2021,2021-12-29 03:52:36.000000 UTC,41.765939373,-87.679527356,"(41.765939373, -87.679527356)"
12318424,JE172852,2021-03-18 08:36:00.000000 UTC,008XX N MONTICELLO AVE,5111,OTHER OFFENSE,GUN OFFENDER - ANNUAL REGISTRATION,STREET,true,false,1112,11,27,23,26,1151900.0,1905314.0,2021,2021-03-25 04:55:39.000000 UTC,41.896055042,-87.717550859,"(41.896055042, -87.717550859)"
12375440,JE242264,2021-05-25 11:41:00.000000 UTC,032XX W WASHINGTON BLVD,5111,OTHER OFFENSE,GUN OFFENDER - ANNUAL REGISTRATION,STREET,true,false,1123,11,28,27,26,1154798.0,1900499.0,2021,2021-06-01 05:02:26.000000 UTC,41.882784645,-87.707036121,"(41.882784645, -87.707036121)"
12271346,JE114967,2021-01-16 09:41:00.000000 UTC,007XX W 100TH ST,5111,OTHER OFFENSE,GUN OFFENDER - ANNUAL REGISTRATION,STREET,true,false,2232,22,34,73,26,1173154.0,1838552.0,2021,2021-01-23 03:54:52.000000 UTC,41.712408228,-87.641463395,"(41.712408228, -87.641463395)"
12572728,JE483599,2021-12-20 11:22:00.000000 UTC,052XX W CONGRESS PKWY,5111,OTHER OFFENSE,GUN OFFENDER - ANNUAL REGISTRATION,RESIDENCE - PORCH / HALLWAY,true,false,1522,15,29,25,26,1141598.0,1897182.0,2021,2021-12-27 03:53:34.000000 UTC,41.873936494,-87.755589514,"(41.873936494, -87.755589514)"
12268946,JE112093,2021-01-13 11:10:00.000000 UTC,066XX S ARTESIAN AVE,5111,OTHER OFFENSE,GUN OFFENDER - ANNUAL REGISTRATION,STREET,true,false,832,8,16,66,26,1161187.0,1860467.0,2021,2021-01-20 03:53:42.000000 UTC,41.772801914,-87.684685335,"(41.772801914, -87.684685335)"
12321623,JE176759,2021-03-22 08:30:00.000000 UTC,007XX W 71ST ST,5111,OTHER OFFENSE,GUN OFFENDER - ANNUAL REGISTRATION,STREET,true,false,732,7,6,68,26,1172686.0,1857798.0,2021,2021-03-29 04:53:03.000000 UTC,41.765232135,-87.642611634,"(41.765232135, -87.642611634)"
12573689,JE484736,2021-12-21 11:57:00.000000 UTC,034XX W 63RD ST,5111,OTHER OFFENSE,GUN OFFENDER - ANNUAL REGISTRATION,POLICE FACILITY / VEHICLE PARKING LOT,true,false,823,8,23,66,26,1154582.0,1862632.0,2021,2021-12-29 03:52:36.000000 UTC,41.778877155,-87.708840106,"(41.778877155, -87.708840106)"
12515627,JE414276,2021-10-18 04:48:00.000000 UTC,067XX S WASHTENAW AVE,5111,OTHER OFFENSE,GUN OFFENDER - ANNUAL REGISTRATION,STREET,true,false,831,8,17,66,26,1159534.0,1859946.0,2021,2021-10-25 04:47:33.000000 UTC,41.771406266,-87.690759105,"(41.771406266, -87.690759105)"
12360972,JE224728,2021-05-09 02:26:00.000000 UTC,097XX S CHARLES ST,5111,OTHER OFFENSE,GUN OFFENDER - ANNUAL REGISTRATION,RESIDENCE,true,false,2213,22,19,72,26,1167298.0,1840354.0,2021,2021-05-16 05:01:23.000000 UTC,41.717480322,-87.662858447,"(41.717480322, -87.662858447)"
12261274,JE103408,2021-01-04 07:10:00.000000 UTC,049XX W FULLERTON AVE,5111,OTHER OFFENSE,GUN OFFENDER - ANNUAL REGISTRATION,STREET,true,false,2521,25,31,19,26,1143056.0,1915506.0,2021,2021-01-16 03:49:23.000000 UTC,41.924192588,-87.749778735,"(41.924192588, -87.749778735)"
12366143,JE231090,2021-05-15 02:01:00.000000 UTC,011XX N MASON AVE,5111,OTHER OFFENSE,GUN OFFENDER - ANNUAL REGISTRATION,STREET,true,false,1511,15,29,25,26,1136486.0,1907079.0,2021,2021-05-22 05:19:13.000000 UTC,41.901188049,-87.774121862,"(41.901188049, -87.774121862)"
12305461,JE157327,2021-03-02 07:36:00.000000 UTC,068XX S WASHTENAW AVE,5111,OTHER OFFENSE,GUN OFFENDER - ANNUAL REGISTRATION,STREET,true,false,831,8,17,66,26,1159553.0,1859269.0,2021,2021-03-09 03:54:03.000000 UTC,41.76954809,-87.690707999,"(41.76954809, -87.690707999)"
12291935,JE140197,2021-02-12 06:00:00.000000 UTC,013XX W 109TH PL,5111,OTHER OFFENSE,GUN OFFENDER - ANNUAL REGISTRATION,STREET,true,false,2234,22,34,75,26,1169255.0,1832149.0,2021,2021-02-19 03:48:53.000000 UTC,41.694922469,-87.655927152,"(41.694922469, -87.655927152)"
12360929,JE224629,2021-05-09 12:57:00.000000 UTC,025XX N PARKSIDE AVE,5111,OTHER OFFENSE,GUN OFFENDER - ANNUAL REGISTRATION,RESIDENCE,true,false,2515,25,30,19,26,1138283.0,1916343.0,2021,2021-05-16 05:01:23.000000 UTC,41.926577202,-87.767296642,"(41.926577202, -87.767296642)"
12385569,JE254823,2021-06-05 03:10:00.000000 UTC,055XX S LOOMIS BLVD,5111,OTHER OFFENSE,GUN OFFENDER - ANNUAL REGISTRATION,STREET,true,false,713,7,16,67,26,1167942.0,1867987.0,2021,2021-06-12 04:55:39.000000 UTC,41.793295239,-87.65970728,"(41.793295239, -87.65970728)"
12263983,JE106353,2021-01-07 07:08:00.000000 UTC,007XX W MAXWELL ST,5111,OTHER OFFENSE,GUN OFFENDER - ANNUAL REGISTRATION,STREET,true,false,1232,12,11,28,26,1171530.0,1894072.0,2021,2021-01-16 03:49:23.000000 UTC,41.86479699,-87.645784928,"(41.86479699, -87.645784928)"
12297334,JE147382,2021-02-20 08:46:00.000000 UTC,065XX S HALSTED ST,5111,OTHER OFFENSE,GUN OFFENDER - ANNUAL REGISTRATION,STREET,true,false,723,7,20,68,26,1172095.0,1861485.0,2021,2021-02-27 03:46:45.000000 UTC,41.775362708,-87.644669616,"(41.775362708, -87.644669616)"
12291771,JE140030,2021-02-12 04:23:00.000000 UTC,090XX S HALSTED ST,5111,OTHER OFFENSE,GUN OFFENDER - ANNUAL REGISTRATION,STREET,true,false,2223,22,21,71,26,1172559.0,1845025.0,2021,2021-02-19 03:48:53.000000 UTC,41.730184162,-87.643452489,"(41.730184162, -87.643452489)"
12384988,JE254157,2021-06-04 11:27:00.000000 UTC,009XX W 71ST ST,5111,OTHER OFFENSE,GUN OFFENDER - ANNUAL REGISTRATION,STREET,true,false,733,7,6,68,26,1171402.0,1857761.0,2021,2021-06-11 04:47:17.000000 UTC,41.7651588,-87.647318956,"(41.7651588, -87.647318956)"
12513262,JE411175,2021-10-15 10:00:00.000000 UTC,020XX N PULASKI RD,5111,OTHER OFFENSE,GUN OFFENDER - ANNUAL REGISTRATION,STREET,true,false,2525,25,26,20,26,1149378.0,1913464.0,2021,2021-10-22 04:48:30.000000 UTC,41.918468743,-87.726601993,"(41.918468743, -87.726601993)"
12372974,JE239467,2021-05-23 12:23:00.000000 UTC,054XX S WENTWORTH AVE,5111,OTHER OFFENSE,GUN OFFENDER - ANNUAL REGISTRATION,STREET,true,false,225,2,3,37,26,1175892.0,1868835.0,2021,2021-05-30 05:03:31.000000 UTC,41.795447595,-87.63053009,"(41.795447595, -87.63053009)"
12361729,JE225615,2021-05-10 01:25:00.000000 UTC,012XX N LARAMIE AVE,5111,OTHER OFFENSE,GUN OFFENDER - ANNUAL REGISTRATION,APARTMENT,true,false,2532,25,37,25,26,1141473.0,1907734.0,2021,2021-05-17 05:38:51.000000 UTC,41.902894779,-87.755787704,"(41.902894779, -87.755787704)"
12386765,JE256301,2021-06-06 08:23:00.000000 UTC,012XX W 73RD ST,5111,OTHER OFFENSE,GUN OFFENDER - ANNUAL REGISTRATION,STREET,true,false,734,7,17,67,26,1169471.0,1856380.0,2021,2021-06-13 04:53:53.000000 UTC,41.761411202,-87.654436595,"(41.761411202, -87.654436595)"
12371002,JE236819,2021-05-20 08:28:00.000000 UTC,014XX S KEELER AVE,5111,OTHER OFFENSE,GUN OFFENDER - ANNUAL REGISTRATION,STREET,true,false,1011,10,24,29,26,1148618.0,1892770.0,2021,2021-05-27 04:57:05.000000 UTC,41.861696884,-87.729928984,"(41.861696884, -87.729928984)"
12366342,JE231351,2021-05-15 07:26:00.000000 UTC,033XX W 15TH ST,5111,OTHER OFFENSE,GUN OFFENDER - ANNUAL REGISTRATION,STREET,true,false,1021,10,24,29,26,1154122.0,1892509.0,2021,2021-05-22 05:19:13.000000 UTC,41.860872742,-87.70973158,"(41.860872742, -87.70973158)"
12378648,JE246397,2021-05-29 12:09:00.000000 UTC,006XX N PULASKI RD,5111,OTHER OFFENSE,GUN OFFENDER - ANNUAL REGISTRATION,STREET,true,false,1111,11,37,23,26,1149602.0,1904242.0,2021,2021-06-05 04:52:48.000000 UTC,41.893158311,-87.726018876,"(41.893158311, -87.726018876)"
12313167,JE166399,2021-03-11 10:00:00.000000 UTC,043XX W MADISON ST,5111,OTHER OFFENSE,GUN OFFENDER - ANNUAL REGISTRATION,STREET,true,false,1115,11,28,26,26,1147423.0,1899660.0,2021,2021-03-18 04:52:21.000000 UTC,41.880626833,-87.734139113,"(41.880626833, -87.734139113)"
12540746,JE445062,2021-11-14 03:14:00.000000 UTC,064XX S DR MARTIN LUTHER KING JR DR,5111,OTHER OFFENSE,GUN OFFENDER - ANNUAL REGISTRATION,STREET,true,false,312,3,20,69,26,1180027.0,1862425.0,2021,2021-11-21 03:48:03.000000 UTC,41.77776418,-87.615563286,"(41.77776418, -87.615563286)"
12381115,JE249353,2021-05-31 09:54:00.000000 UTC,082XX S RACINE AVE,5111,OTHER OFFENSE,GUN OFFENDER - ANNUAL REGISTRATION,ALLEY,true,false,613,6,21,71,26,1169759.0,1850067.0,2021,2021-06-07 04:58:19.000000 UTC,41.744081246,-87.65356386,"(41.744081246, -87.65356386)"
12299534,JE150176,2021-02-23 03:48:00.000000 UTC,019XX N CENTRAL PARK AVE,5111,OTHER OFFENSE,GUN OFFENDER - ANNUAL REGISTRATION,STREET,true,false,2535,25,26,22,26,1152073.0,1912511.0,2021,2021-03-02 03:50:05.000000 UTC,41.915800879,-87.716725453,"(41.915800879, -87.716725453)"
12338479,JE197454,2021-04-12 04:29:00.000000 UTC,071XX S MAPLEWOOD AVE,5111,OTHER OFFENSE,GUN OFFENDER - ANNUAL REGISTRATION,STREET,true,false,832,8,18,66,26,1160607.0,1857301.0,2021,2021-04-20 04:47:09.000000 UTC,41.764125937,-87.686898701,"(41.764125937, -87.686898701)"
12329868,JE186687,2021-04-01 09:19:00.000000 UTC,009XX E 82ND ST,5111,OTHER OFFENSE,GUN OFFENDER - ANNUAL REGISTRATION,STREET,true,false,631,6,8,44,26,1184142.0,1850827.0,2021,2021-04-08 05:05:01.000000 UTC,41.745842893,-87.600839844,"(41.745842893, -87.600839844)"
12398172,JE270504,2021-06-18 12:18:00.000000 UTC,017XX W 103RD ST,5111,OTHER OFFENSE,GUN OFFENDER - ANNUAL REGISTRATION,STREET,true,false,2213,22,19,72,26,1166475.0,1836396.0,2021,2021-06-25 05:13:38.000000 UTC,41.706636485,-87.665985119,"(41.706636485, -87.665985119)"
12353875,JE215891,2021-05-01 11:30:00.000000 UTC,063XX S HALSTED ST,5111,OTHER OFFENSE,GUN OFFENDER - ANNUAL REGISTRATION,STREET,true,false,723,7,20,68,26,1172059.0,1862748.0,2021,2021-05-08 04:51:07.000000 UTC,41.778829318,-87.644764514,"(41.778829318, -87.644764514)"
12368133,JE233524,2021-05-17 08:28:00.000000 UTC,018XX S HARDING AVE,5111,OTHER OFFENSE,GUN OFFENDER - ANNUAL REGISTRATION,STREET,true,false,1014,10,24,29,26,1150348.0,1890750.0,2021,2021-05-24 04:52:16.000000 UTC,41.856120221,-87.723631056,"(41.856120221, -87.723631056)"
12441295,JE323614,2021-08-02 04:05:00.000000 UTC,021XX W GARFIELD BLVD,5111,OTHER OFFENSE,GUN OFFENDER - ANNUAL REGISTRATION,STREET,true,false,932,9,16,61,26,1163112.0,1868164.0,2021,2021-08-09 04:54:01.000000 UTC,41.79388344,-87.677413527,"(41.79388344, -87.677413527)"
12374725,JE241661,2021-05-24 09:00:00.000000 UTC,012XX W 51ST ST,5111,OTHER OFFENSE,GUN OFFENDER - ANNUAL REGISTRATION,STREET,true,false,933,9,20,61,26,1168763.0,1870958.0,2021,2021-05-31 05:07:37.000000 UTC,41.801430308,-87.656610988,"(41.801430308, -87.656610988)"
12302317,JE153478,2021-02-26 08:56:00.000000 UTC,040XX W 16TH ST,5111,OTHER OFFENSE,GUN OFFENDER - ANNUAL REGISTRATION,STREET,true,false,1012,10,24,29,26,1149833.0,1891746.0,2021,2021-03-05 03:49:32.000000 UTC,41.858863385,-87.725495503,"(41.858863385, -87.725495503)"
12312403,JE165487,2021-03-10 11:27:00.000000 UTC,077XX S HALSTED ST,5111,OTHER OFFENSE,GUN OFFENDER - ANNUAL REGISTRATION,STREET,true,false,621,6,17,71,26,1172306.0,1853636.0,2021,2021-03-17 04:51:25.000000 UTC,41.753819454,-87.644126664,"(41.753819454, -87.644126664)"
12361767,JE225587,2021-05-10 12:48:00.000000 UTC,024XX N CLYBOURN AVE,5111,OTHER OFFENSE,GUN OFFENDER - ANNUAL REGISTRATION,RESIDENCE,true,false,1931,19,32,7,26,1164480.0,1916456.0,2021,2021-05-17 05:38:51.000000 UTC,41.926372383,-87.671031101,"(41.926372383, -87.671031101)"
12364270,JE228660,2021-05-13 11:28:00.000000 UTC,035XX S EMERALD AVE,5111,OTHER OFFENSE,GUN OFFENDER - ANNUAL REGISTRATION,RESIDENCE - PORCH / HALLWAY,true,false,915,9,11,60,26,1171881.0,1881398.0,2021,2021-05-20 05:20:28.000000 UTC,41.830010763,-87.644869406,"(41.830010763, -87.644869406)"
12359242,JE222363,2021-05-07 08:35:00.000000 UTC,083XX S EXCHANGE AVE,5111,OTHER OFFENSE,GUN OFFENDER - ANNUAL REGISTRATION,AUTO / BOAT / RV DEALERSHIP,true,false,424,4,7,46,26,1197316.0,1850435.0,2021,2021-05-14 04:55:48.000000 UTC,41.744449336,-87.552581647,"(41.744449336, -87.552581647)"
12291159,JE139222,2021-02-11 07:33:00.000000 UTC,092XX S ASHLAND AVE,5111,OTHER OFFENSE,GUN OFFENDER - ANNUAL REGISTRATION,PARKING LOT / GARAGE (NON RESIDENTIAL),true,false,2221,22,21,73,26,1167294.0,1843387.0,2021,2021-02-19 03:45:56.000000 UTC,41.725803425,-87.662786572,"(41.725803425, -87.662786572)"
12399617,JE272474,2021-06-19 09:53:00.000000 UTC,087XX S ASHLAND AVE,5111,OTHER OFFENSE,GUN OFFENDER - ANNUAL REGISTRATION,STREET,true,false,2221,22,21,71,26,1167196.0,1846792.0,2021,2021-06-26 05:10:13.000000 UTC,41.735149348,-87.663048424,"(41.735149348, -87.663048424)"
12535699,JE438867,2021-11-09 12:29:00.000000 UTC,039XX N KIMBALL AVE,5111,OTHER OFFENSE,GUN OFFENDER - ANNUAL REGISTRATION,STREET,true,false,1732,17,35,16,26,1153025.0,1926017.0,2021,2021-11-16 03:53:48.000000 UTC,41.952843571,-87.712868743,"(41.952843571, -87.712868743)"
12464578,JE351798,2021-08-27 12:00:00.000000 UTC,044XX S LAVERGNE AVE,5111,OTHER OFFENSE,GUN OFFENDER - ANNUAL REGISTRATION,ALLEY,true,false,814,8,22,56,26,1143776.0,1874521.0,2021,2021-09-03 04:48:51.000000 UTC,41.811711026,-87.748159706,"(41.811711026, -87.748159706)"
12413336,JE289210,2021-07-04 01:01:00.000000 UTC,070XX S WESTERN AVE,5111,OTHER OFFENSE,GUN OFFENDER - ANNUAL REGISTRATION,STREET,true,false,832,8,17,66,26,1161593.0,1857879.0,2021,2021-07-11 05:01:53.000000 UTC,41.765691662,-87.683268742,"(41.765691662, -87.683268742)"
12452055,JE336548,2021-08-13 06:36:00.000000 UTC,076XX N SHERIDAN RD,5111,OTHER OFFENSE,GUN OFFENDER - ANNUAL REGISTRATION,STREET,true,false,2422,24,49,1,26,1165553.0,1950404.0,2021,2021-08-20 04:53:16.000000 UTC,42.019504078,-87.666116797,"(42.019504078, -87.666116797)"
12363563,JE227819,2021-05-12 01:56:00.000000 UTC,105XX S UNION AVE,5111,OTHER OFFENSE,GUN OFFENDER - ANNUAL REGISTRATION,SIDEWALK,true,false,2233,22,34,49,26,1173513.0,1834810.0,2021,2021-05-19 06:08:48.000000 UTC,41.702131705,-87.640258932,"(41.702131705, -87.640258932)"
12263166,JE105515,2021-01-06 10:04:00.000000 UTC,019XX W MARQUETTE RD,5111,OTHER OFFENSE,GUN OFFENDER - ANNUAL REGISTRATION,STREET,true,false,726,7,15,67,26,1164361.0,1860229.0,2021,2021-01-16 03:49:23.000000 UTC,41.772082529,-87.673056942,"(41.772082529, -87.673056942)"
12285438,JE131871,2021-02-03 11:06:00.000000 UTC,039XX W WELLINGTON AVE,5111,OTHER OFFENSE,GUN OFFENDER - ANNUAL REGISTRATION,STREET,true,false,2523,25,30,21,26,1149467.0,1919648.0,2021,2021-02-10 03:49:30.000000 UTC,41.935436461,-87.726114097,"(41.935436461, -87.726114097)"
12505657,JE401764,2021-10-07 04:55:00.000000 UTC,019XX S TRUMBULL AVE,5111,OTHER OFFENSE,GUN OFFENDER - ANNUAL REGISTRATION,STREET,true,false,1024,10,24,29,26,1153729.0,1890276.0,2021,2021-10-14 04:47:41.000000 UTC,41.854752959,-87.711233594,"(41.854752959, -87.711233594)"
12569747,JE479965,2021-12-16 07:09:00.000000 UTC,041XX W CHICAGO AVE,5111,OTHER OFFENSE,GUN OFFENDER - ANNUAL REGISTRATION,STREET,true,false,1111,11,37,23,26,1148824.0,1905023.0,2021,2021-12-23 03:47:51.000000 UTC,41.895316533,-87.728855998,"(41.895316533, -87.728855998)"
12405468,JE279575,2021-06-25 08:43:00.000000 UTC,045XX S WOOD ST,5111,OTHER OFFENSE,GUN OFFENDER - ANNUAL REGISTRATION,STREET,true,false,924,9,15,61,26,1165107.0,1874674.0,2021,2021-07-02 04:53:49.000000 UTC,41.81170565,-87.669913712,"(41.81170565, -87.669913712)"
12370168,JE235776,2021-05-19 09:15:00.000000 UTC,089XX S COMMERCIAL AVE,5111,OTHER OFFENSE,GUN OFFENDER - ANNUAL REGISTRATION,STREET,true,false,424,4,10,46,26,1197694.0,1846332.0,2021,2021-05-26 04:57:08.000000 UTC,41.733180967,-87.551333248,"(41.733180967, -87.551333248)"
12398016,JE270367,2021-06-18 09:42:00.000000 UTC,094XX S SANGAMON ST,5111,OTHER OFFENSE,GUN OFFENDER - ANNUAL REGISTRATION,STREET,true,false,2223,22,21,73,26,1171642.0,1842253.0,2021,2021-06-25 05:13:38.000000 UTC,41.72259752,-87.646892716,"(41.72259752, -87.646892716)"
12361030,JE224783,2021-05-09 02:48:00.000000 UTC,031XX W FRANKLIN BLVD,5111,OTHER OFFENSE,GUN OFFENDER - ANNUAL REGISTRATION,SIDEWALK,true,false,1221,12,27,23,26,1155300.0,1903163.0,2021,2021-05-16 05:01:23.000000 UTC,41.890084853,-87.705121137,"(41.890084853, -87.705121137)"
12411360,JE286756,2021-07-02 12:31:00.000000 UTC,006XX W MARQUETTE RD,5111,OTHER OFFENSE,GUN OFFENDER - ANNUAL REGISTRATION,STREET,true,false,723,7,6,68,26,1173422.0,1860472.0,2021,2021-07-09 04:58:53.000000 UTC,41.772553656,-87.639834952,"(41.772553656, -87.639834952)"
12381085,JE249323,2021-05-31 08:55:00.000000 UTC,058XX S STATE ST,5111,OTHER OFFENSE,GUN OFFENDER - ANNUAL REGISTRATION,STREET,true,false,232,2,20,40,26,1177274.0,1866249.0,2021,2021-06-07 04:58:19.000000 UTC,41.788320241,-87.625540365,"(41.788320241, -87.625540365)"
12399611,JE272475,2021-06-19 10:07:00.000000 UTC,0000X W 103RD ST,5111,OTHER OFFENSE,GUN OFFENDER - ANNUAL REGISTRATION,STREET,true,false,511,5,9,49,26,1177986.0,1836679.0,2021,2021-06-26 05:10:13.000000 UTC,41.707160552,-87.623823775,"(41.707160552, -87.623823775)"
12378214,JE245860,2021-05-28 01:52:00.000000 UTC,039XX W ADAMS ST,5111,OTHER OFFENSE,GUN OFFENDER - ANNUAL REGISTRATION,ALLEY,true,false,1122,11,28,26,26,1150212.0,1898722.0,2021,2021-06-04 04:51:18.000000 UTC,41.877998967,-87.723922524,"(41.877998967, -87.723922524)"
12398739,JE271332,2021-06-19 01:05:00.000000 UTC,0000X E CERMAK RD,5111,OTHER OFFENSE,GUN OFFENDER - ANNUAL REGISTRATION,ALLEY,true,false,131,1,3,33,26,1177245.0,1889767.0,2021,2021-06-26 05:10:13.000000 UTC,41.852856273,-87.624935751,"(41.852856273, -87.624935751)"
12572024,JE482720,2021-12-19 01:22:00.000000 UTC,063XX W BARRY AVE,5111,OTHER OFFENSE,GUN OFFENDER - ANNUAL REGISTRATION,RESIDENCE,true,false,2511,25,36,19,26,1133588.0,1919932.0,2021,2021-12-26 03:50:17.000000 UTC,41.936509582,-87.78446451,"(41.936509582, -87.78446451)"
12377714,JE245263,2021-05-27 09:29:00.000000 UTC,083XX S ASHLAND AVE,5111,OTHER OFFENSE,GUN OFFENDER - ANNUAL REGISTRATION,STREET,true,false,614,6,21,71,26,1167127.0,1849317.0,2021,2021-06-03 04:48:08.000000 UTC,41.74207979,-87.663229183,"(41.74207979, -87.663229183)"
12400143,JE273138,2021-06-20 01:17:00.000000 UTC,011XX W 35TH ST,5111,OTHER OFFENSE,GUN OFFENDER - ANNUAL REGISTRATION,VEHICLE NON-COMMERCIAL,true,false,913,9,11,60,26,1169397.0,1881609.0,2021,2021-06-27 05:13:53.000000 UTC,41.830644032,-87.653977064,"(41.830644032, -87.653977064)"
12380702,JE248844,2021-05-31 09:32:00.000000 UTC,100XX S EGGLESTON AVE,5111,OTHER OFFENSE,GUN OFFENDER - ANNUAL REGISTRATION,STREET,true,false,2232,22,9,73,26,1175276.0,1838187.0,2021,2021-06-07 04:58:19.000000 UTC,41.711359563,-87.633702885,"(41.711359563, -87.633702885)"
12546505,JE451807,2021-11-20 05:36:00.000000 UTC,008XX W 100TH ST,5111,OTHER OFFENSE,GUN OFFENDER - ANNUAL REGISTRATION,STREET,true,false,2232,22,34,73,26,1172576.0,1838532.0,2021,2021-11-27 03:49:46.000000 UTC,41.71236607,-87.643580787,"(41.71236607, -87.643580787)"
12333369,JE191153,2021-04-06 12:46:00.000000 UTC,043XX S STATE ST,5111,OTHER OFFENSE,GUN OFFENDER - ANNUAL REGISTRATION,STREET,true,false,215,2,3,38,26,1176996.0,1876281.0,2021,2021-04-13 05:27:07.000000 UTC,41.815855267,-87.626257088,"(41.815855267, -87.626257088)"
12318975,JE173533,2021-03-19 03:45:00.000000 UTC,068XX S ARTESIAN AVE,5111,OTHER OFFENSE,GUN OFFENDER - ANNUAL REGISTRATION,STREET,true,false,832,8,17,66,26,1161218.0,1859330.0,2021,2021-03-26 05:00:56.000000 UTC,41.769681183,-87.684603135,"(41.769681183, -87.684603135)"
12264879,JE107396,2021-01-08 07:41:00.000000 UTC,012XX E 87TH ST,5111,OTHER OFFENSE,GUN OFFENDER - ANNUAL REGISTRATION,STREET,true,false,412,4,8,48,26,1185889.0,1847544.0,2021,2021-01-16 03:49:23.000000 UTC,41.736793013,-87.594541841,"(41.736793013, -87.594541841)"
12393649,JE264993,2021-06-13 11:14:00.000000 UTC,008XX W 59TH ST,5111,OTHER OFFENSE,GUN OFFENDER - ANNUAL REGISTRATION,GAS STATION,true,false,712,7,16,68,26,1171897.0,1865732.0,2021,2021-06-20 04:57:58.000000 UTC,41.787021313,-87.645270878,"(41.787021313, -87.645270878)"
12575479,JE486812,2021-12-23 12:00:00.000000 UTC,072XX S MORGAN ST,5111,OTHER OFFENSE,GUN OFFENDER - ANNUAL REGISTRATION,RESIDENCE,true,false,733,7,6,68,26,1170896.0,1856822.0,2021,2021-12-30 03:53:33.000000 UTC,41.762593126,-87.649200968,"(41.762593126, -87.649200968)"
12362025,JE226041,2021-05-10 06:55:00.000000 UTC,018XX W 71ST ST,5111,OTHER OFFENSE,GUN OFFENDER - ANNUAL REGISTRATION,STREET,true,false,735,7,17,67,26,1165329.0,1857600.0,2021,2021-05-17 05:38:51.000000 UTC,41.76484775,-87.66958291,"(41.76484775, -87.66958291)"
12551283,JE457799,2021-11-26 08:13:00.000000 UTC,002XX N LECLAIRE AVE,5111,OTHER OFFENSE,GUN OFFENDER - ANNUAL REGISTRATION,STREET,true,false,1532,15,28,25,26,1142336.0,1901152.0,2021,2021-12-03 03:51:54.000000 UTC,41.884817007,-87.752781291,"(41.884817007, -87.752781291)"
12409600,JE284545,2021-06-30 09:25:00.000000 UTC,032XX W OGDEN AVE,5111,OTHER OFFENSE,GUN OFFENDER - ANNUAL REGISTRATION,STREET,true,false,1022,10,24,29,26,1154892.0,1891261.0,2021,2021-07-07 04:55:24.000000 UTC,41.857432709,-87.706938487,"(41.857432709, -87.706938487)"
12378473,JE246171,2021-05-28 06:43:00.000000 UTC,018XX W DEVON AVE,5111,OTHER OFFENSE,GUN OFFENDER - ANNUAL REGISTRATION,GAS STATION,true,false,2433,24,40,2,26,1162900.0,1942537.0,2021,2021-06-04 04:51:18.000000 UTC,41.997973182,-87.676101777,"(41.997973182, -87.676101777)"
12574599,JE485792,2021-12-22 11:57:00.000000 UTC,037XX S WOLCOTT AVE,5111,OTHER OFFENSE,GUN OFFENDER - ANNUAL REGISTRATION,RESIDENCE,true,false,912,9,12,59,26,1164302.0,1879936.0,2021,2021-12-29 03:55:46.000000 UTC,41.826162185,-87.672718034,"(41.826162185, -87.672718034)"
12574666,JE485918,2021-12-22 01:07:00.000000 UTC,045XX N SHERIDAN RD,5111,OTHER OFFENSE,GUN OFFENDER - ANNUAL REGISTRATION,RESIDENCE,true,false,1914,19,46,3,26,1168795.0,1930253.0,2021,2021-12-29 03:55:46.000000 UTC,41.964139377,-87.654774221,"(41.964139377, -87.654774221)"
12415289,JE291516,2021-07-05 11:07:00.000000 UTC,105XX S NORMAL AVE,5111,OTHER OFFENSE,GUN OFFENDER - ANNUAL REGISTRATION,STREET,true,false,2233,22,34,49,26,1174823.0,1835011.0,2021,2021-07-12 05:00:45.000000 UTC,41.702654248,-87.635456136,"(41.702654248, -87.635456136)"
12365273,JE229978,2021-05-14 02:22:00.000000 UTC,027XX S CALIFORNIA BLVD,5111,OTHER OFFENSE,GUN OFFENDER - ANNUAL REGISTRATION,STREET,true,false,1034,10,24,30,26,1158291.0,1885955.0,2021,2021-05-21 05:23:22.000000 UTC,41.842803741,-87.694606999,"(41.842803741, -87.694606999)"
12380836,JE248503,2021-05-31 02:16:00.000000 UTC,008XX N CICERO AVE,5111,OTHER OFFENSE,GUN OFFENDER - ANNUAL REGISTRATION,STREET,true,false,1111,11,37,25,26,1144207.0,1904963.0,2021,2021-06-07 04:58:19.000000 UTC,41.895239896,-87.745814792,"(41.895239896, -87.745814792)"
12266332,JE109160,2021-01-10 07:40:00.000000 UTC,0000X N PULASKI RD,5111,OTHER OFFENSE,GUN OFFENDER - ANNUAL REGISTRATION,VEHICLE NON-COMMERCIAL,true,false,1115,11,28,26,26,1149726.0,1899828.0,2021,2021-01-17 03:49:56.000000 UTC,41.88104341,-87.725678261,"(41.88104341, -87.725678261)"
12267084,JE110068,2021-01-11 05:28:00.000000 UTC,076XX S SAGINAW AVE,5111,OTHER OFFENSE,GUN OFFENDER - ANNUAL REGISTRATION,STREET,true,false,421,4,7,43,26,1195250.0,1854816.0,2021,2021-01-18 04:01:40.000000 UTC,41.756522329,-87.56000728,"(41.756522329, -87.56000728)"
12575017,JE486291,2021-12-22 07:31:00.000000 UTC,088XX S BUFFALO AVE,5111,OTHER OFFENSE,GUN OFFENDER - ANNUAL REGISTRATION,STREET,true,false,424,4,10,46,26,1199576.0,1847080.0,2021,2021-12-29 03:55:46.000000 UTC,41.735186406,-87.544413627,"(41.735186406, -87.544413627)"
12540644,JE444954,2021-11-14 12:57:00.000000 UTC,063XX S ASHLAND AVE,5111,OTHER OFFENSE,GUN OFFENDER - ANNUAL REGISTRATION,STREET,true,false,725,7,16,67,26,1166756.0,1862753.0,2021,2021-11-21 03:48:03.000000 UTC,41.778957917,-87.664205596,"(41.778957917, -87.664205596)"
12524414,JE424838,2021-10-27 09:30:00.000000 UTC,039XX W NORTH AVE,5111,OTHER OFFENSE,GUN OFFENDER - ANNUAL REGISTRATION,STREET,true,false,2535,25,26,23,26,1149640.0,1910342.0,2021,2021-11-03 04:50:00.000000 UTC,41.909896589,-87.725720639,"(41.909896589, -87.725720639)"
12329894,JE186726,2021-04-01 09:55:00.000000 UTC,063XX S CALIFORNIA AVE,5111,OTHER OFFENSE,GUN OFFENDER - ANNUAL REGISTRATION,STREET,true,false,825,8,17,66,26,1158801.0,1862516.0,2021,2021-04-08 05:05:01.000000 UTC,41.778473715,-87.693375946,"(41.778473715, -87.693375946)"
12444818,JE327745,2021-08-05 11:47:00.000000 UTC,025XX W 71ST ST,5111,OTHER OFFENSE,GUN OFFENDER - ANNUAL REGISTRATION,SIDEWALK,true,false,832,8,17,66,26,1160466.0,1857484.0,2021,2021-08-12 05:02:52.000000 UTC,41.764631023,-87.687410466,"(41.764631023, -87.687410466)"
12565008,JE474368,2021-12-11 09:33:00.000000 UTC,047XX W 76TH ST,5111,OTHER OFFENSE,GUN OFFENDER - ANNUAL REGISTRATION,STREET,true,false,833,8,18,65,26,1146271.0,1853480.0,2021,2021-12-18 03:50:32.000000 UTC,41.753924072,-87.739540979,"(41.753924072, -87.739540979)"
12310209,JE162898,2021-03-08 02:33:00.000000 UTC,069XX S WASHTENAW AVE,5111,OTHER OFFENSE,GUN OFFENDER - ANNUAL REGISTRATION,STREET,true,false,831,8,17,66,26,1159572.0,1858551.0,2021,2021-03-15 04:48:08.000000 UTC,41.767577404,-87.690658019,"(41.767577404, -87.690658019)"
12396759,JE268798,2021-06-16 11:35:00.000000 UTC,069XX S WESTERN AVE,5111,OTHER OFFENSE,GUN OFFENDER - ANNUAL REGISTRATION,STREET,true,false,832,8,17,66,26,1161572.0,1858608.0,2021,2021-06-25 05:06:33.000000 UTC,41.767692578,-87.683325521,"(41.767692578, -87.683325521)"
12371449,JE237365,2021-05-21 10:18:00.000000 UTC,095XX S WENTWORTH AVE,5111,OTHER OFFENSE,GUN OFFENDER - ANNUAL REGISTRATION,SIDEWALK,true,false,511,5,21,49,26,1176625.0,1841786.0,2021,2021-05-28 05:02:05.000000 UTC,41.721205526,-87.628654671,"(41.721205526, -87.628654671)"
12348122,JE208879,2021-04-24 03:14:00.000000 UTC,032XX W 61ST ST,5111,OTHER OFFENSE,GUN OFFENDER - ANNUAL REGISTRATION,PARKING LOT / GARAGE (NON RESIDENTIAL),true,false,823,8,23,66,26,1155978.0,1863999.0,2021,2021-05-01 04:48:16.000000 UTC,41.78260047,-87.70368551,"(41.78260047, -87.70368551)"
12455809,JE341028,2021-08-17 10:43:00.000000 UTC,024XX W 71ST ST,5111,OTHER OFFENSE,GUN OFFENDER - ANNUAL REGISTRATION,STREET,true,false,832,8,17,66,26,1161176.0,1857505.0,2021,2021-08-28 04:49:19.000000 UTC,41.76467399,-87.684807529,"(41.76467399, -87.684807529)"
12318948,JE173394,2021-03-19 01:00:00.000000 UTC,081XX S ASHLAND AVE,5111,OTHER OFFENSE,GUN OFFENDER - ANNUAL REGISTRATION,GAS STATION,true,false,614,6,21,71,26,1167087.0,1850833.0,2021,2021-03-26 05:00:56.000000 UTC,41.746240765,-87.663332494,"(41.746240765, -87.663332494)"
12573483,JE484400,2021-12-21 12:00:00.000000 UTC,077XX S YATES BLVD,5111,OTHER OFFENSE,GUN OFFENDER - ANNUAL REGISTRATION,APARTMENT,true,true,421,4,7,43,26,1193542.0,1854118.0,2021,2021-12-28 03:54:03.000000 UTC,41.754648923,-87.566289453,"(41.754648923, -87.566289453)"
12277595,JE122274,2021-01-24 07:11:00.000000 UTC,038XX S WENTWORTH AVE,5111,OTHER OFFENSE,GUN OFFENDER - ANNUAL REGISTRATION,STREET,true,false,915,9,3,34,26,1175587.0,1879464.0,2021,2021-01-31 03:48:03.000000 UTC,41.824621398,-87.631330145,"(41.824621398, -87.631330145)"
12263556,JE105893,2021-01-07 11:59:00.000000 UTC,016XX E 79TH ST,5111,OTHER OFFENSE,GUN OFFENDER - ANNUAL REGISTRATION,PARKING LOT / GARAGE (NON RESIDENTIAL),true,false,411,4,8,43,26,1188385.0,1852925.0,2021,2021-01-16 03:49:23.000000 UTC,41.751499836,-87.585226023,"(41.751499836, -87.585226023)"
12362603,JE226623,2021-05-11 11:41:00.000000 UTC,028XX N NAGLE AVE,5111,OTHER OFFENSE,GUN OFFENDER - ANNUAL REGISTRATION,APARTMENT,true,false,2511,25,36,19,26,1132930.0,1918077.0,2021,2021-05-18 05:27:50.000000 UTC,41.931430784,-87.786926231,"(41.931430784, -87.786926231)"
12274442,JE118534,2021-01-20 08:30:00.000000 UTC,034XX S COTTAGE GROVE AVE,5111,OTHER OFFENSE,GUN OFFENDER - ANNUAL REGISTRATION,CHA PARKING LOT / GROUNDS,true,false,211,2,4,35,26,1181095.0,1882300.0,2021,2021-01-27 03:54:59.000000 UTC,41.832278311,-87.611035696,"(41.832278311, -87.611035696)"
12430623,JE310087,2021-07-22 10:15:00.000000 UTC,002XX E 35TH ST,5111,OTHER OFFENSE,GUN OFFENDER - ANNUAL REGISTRATION,SIDEWALK,true,false,211,2,4,35,26,1178598.0,1881840.0,2021,2022-01-15 03:49:25.000000 UTC,41.831073285,-87.620211441,"(41.831073285, -87.620211441)"
12276399,JE119397,2021-01-21 05:55:00.000000 UTC,013XX E 76TH ST,5111,OTHER OFFENSE,GUN OFFENDER - ANNUAL REGISTRATION,STREET,true,false,411,4,5,43,26,1186454.0,1854873.0,2021,2021-01-28 03:49:05.000000 UTC,41.756891192,-87.592240625,"(41.756891192, -87.592240625)"
12364271,JE228673,2021-05-13 11:00:00.000000 UTC,048XX S ADA ST,5111,OTHER OFFENSE,GUN OFFENDER - ANNUAL REGISTRATION,RESIDENCE,true,false,933,9,20,61,26,1168145.0,1872699.0,2021,2021-05-20 05:20:28.000000 UTC,41.806221136,-87.658827315,"(41.806221136, -87.658827315)"
12373299,JE239687,2021-05-23 08:13:00.000000 UTC,013XX W 110TH ST,5111,OTHER OFFENSE,GUN OFFENDER - ANNUAL REGISTRATION,RESIDENCE - YARD (FRONT / BACK),true,false,2234,22,34,75,26,1169407.0,1831822.0,2021,2021-05-30 05:03:31.000000 UTC,41.694021846,-87.655380056,"(41.694021846, -87.655380056)"
12513074,JE411019,2021-10-15 06:39:00.000000 UTC,083XX S STONY ISLAND AVE,5111,OTHER OFFENSE,GUN OFFENDER - ANNUAL REGISTRATION,STREET,true,false,412,4,8,45,26,1188369.0,1850184.0,2021,2021-10-22 04:48:30.000000 UTC,41.743978654,-87.585371967,"(41.743978654, -87.585371967)"
12266388,JE109229,2021-01-10 10:39:00.000000 UTC,070XX S WESTERN AVE,5111,OTHER OFFENSE,GUN OFFENDER - ANNUAL REGISTRATION,STREET,true,false,832,8,17,66,26,1161594.0,1857825.0,2021,2021-01-17 03:49:56.000000 UTC,41.765543457,-87.683266572,"(41.765543457, -87.683266572)"
12383601,JE252325,2021-06-03 01:38:00.000000 UTC,0000X E JACKSON BLVD,5111,OTHER OFFENSE,GUN OFFENDER - ANNUAL REGISTRATION,STREET,true,false,113,1,4,32,26,1176626.0,1899007.0,2021,2021-06-10 04:53:51.000000 UTC,41.878225414,-87.626928592,"(41.878225414, -87.626928592)"
12391748,JE262541,2021-06-11 06:53:00.000000 UTC,076XX N PAULINA ST,5111,OTHER OFFENSE,GUN OFFENDER - ANNUAL REGISTRATION,STREET,true,false,2422,24,49,1,26,1163657.0,1950569.0,2021,2021-06-18 04:49:43.000000 UTC,42.019997185,-87.673089168,"(42.019997185, -87.673089168)"
12399675,JE272575,2021-06-20 12:01:00.000000 UTC,044XX N CLARENDON AVE,5111,OTHER OFFENSE,GUN OFFENDER - ANNUAL REGISTRATION,STREET,true,false,1914,19,46,3,26,1170110.0,1929898.0,2021,2021-06-27 05:13:53.000000 UTC,41.963136568,-87.649949799,"(41.963136568, -87.649949799)"
12320328,JE175194,2021-03-21 11:33:00.000000 UTC,021XX E 71ST ST,5111,OTHER OFFENSE,GUN OFFENDER - ANNUAL REGISTRATION,PARKING LOT / GARAGE (NON RESIDENTIAL),true,false,333,3,5,43,26,1191527.0,1858274.0,2021,2021-03-28 04:57:44.000000 UTC,41.766102387,-87.573539169,"(41.766102387, -87.573539169)"
12329162,JE185860,2021-04-01 01:41:00.000000 UTC,082XX S DREXEL AVE,5111,OTHER OFFENSE,GUN OFFENDER - ANNUAL REGISTRATION,STREET,true,false,631,6,8,44,26,1183666.0,1850650.0,2021,2021-04-08 05:05:01.000000 UTC,41.745368292,-87.602589491,"(41.745368292, -87.602589491)"
12291946,JE140288,2021-02-12 08:28:00.000000 UTC,013XX W 64TH ST,5111,OTHER OFFENSE,GUN OFFENDER - ANNUAL REGISTRATION,STREET,true,false,724,7,16,67,26,1168177.0,1862315.0,2021,2021-02-19 03:48:53.000000 UTC,41.777725531,-87.659008675,"(41.777725531, -87.659008675)"
12327138,JE183395,2021-03-29 03:15:00.000000 UTC,014XX N MAYFIELD AVE,5111,OTHER OFFENSE,GUN OFFENDER - ANNUAL REGISTRATION,STREET,true,false,2531,25,29,25,26,1136758.0,1908956.0,2021,2021-04-05 05:04:35.000000 UTC,41.906333898,-87.773077737,"(41.906333898, -87.773077737)"